62.115.142.224;1299;EU-TELIANET-20130924;TeliaSonera AB TELIANET-BLK 
85.91.3.1;34245;IE-MAGNET-MGMT;Magnet Networks Magnet Networks 
80.67.106.169;8426;CLARANET-ES-NETS;Claranet Spain Network CLARA-ES-AGG1 
62.115.114.84;1299;EU-TELIANET-20140617;TeliaSonera AB TELIANET-BLK 
62.115.114.86;1299;EU-TELIANET-20140617;TeliaSonera AB TELIANET-BLK 
178.16.212.1;50989;SE-SITABINFRA-LINKNET-1;SITAB Infra Linknets - 1 SITAB Infra aggregated route 
184.105.81.213;-2;unknown;unknown
89.149.182.78;3257;NACNET-EU;Tiscali International Network B.V. Robert-Bosch-Str. 32 D-63303 Dreieich Tinet SpA 
195.43.160.213;5602;KPNQWEST-IT;KPNQwest Italia Network Milano ,Italy KPNQwest Italia S.p.a. netblock 
90.147.80.53;137;GARRX-NET;GARR-X Backbone Consortium GARR GARR routes 
130.117.1.126;-2;unknown;unknown
185.55.84.65;201964;EURONIC-TKU-DC1;Euronic Oy Euronic datacenter IPv4 address block 
92.86.32.41;9050;Telekom_Romania;Romtelecom data customers Romtelecom 
62.204.192.245;15630;UNED;Universidad Nacional de Educacion a Distancia Madrid RedUNED 
83.145.254.69;29422;FI-NBLNETWORKS-20040202;Nebula Oy FI-NBLNETWORKS-20040202 
141.136.111.142;3257;NACNET-EU;Tinet International Network Hugenottenalle 167 63263 Neu-Isenburg Tinet SpA 
141.136.109.17;3257;NACNET-EU;Tinet International Network Hugenottenalle 167 63263 Neu-Isenburg Tinet SpA 
193.251.252.253;5511;OPENTRANSIT-BACKBONE;France Telecom Long Distance 61, rue des Archives, 75003 Paris France Telecom OPENTRANSIT 
141.136.111.146;3257;NACNET-EU;Tinet International Network Hugenottenalle 167 63263 Neu-Isenburg Tinet SpA 
193.166.255.37;1741;FUNET-PP-NETS3;FUNET Point-to-Point network FUNET-BLOCK 
212.47.215.205;3327;EE-ELKDATA-IPT;Elkdata OY Data Telecom, 212.47.215.0/24 
217.72.74.73;16016;VOLJATEL-LL;Voljatel server hosting For abuse please contact abuse@voljatel.si Voljatel telekomunikacije d.d. For abuse please contact abuse[at]voljatel.si 
83.167.56.219;8218;NEOT-BBONE-2;Neotelecoms Backbone 2 Neo Telecoms 
77.94.164.153;8641;NaukaNet;Moscow, Russia Nauka Telecom network Nauka-Svyaz 
193.251.241.43;5511;OPENTRANSIT-BACKBONE;France Telecom Long Distance 61, rue des Archives, 75003 Paris France Telecom OPENTRANSIT 
184.105.81.29;-2;unknown;unknown
151.6.192.14;1267;IUNET-BNET6;IUnet Via Lorenteggio 257 Milano, I-20100 INFOSTRADA 
185.59.200.66;44946;DGI-DUS1-BACKBONE;DG-i DUS1 Routing Backbone Dembach Goo Informatik GmbH (DUS1) 
130.206.212.93;766;REDIRIS;Entidad Publica Empresarial Red.es RedIRIS Spanish National R&D Network Madrid, Spain RedIRIS 
91.211.167.249;12565;LDLCNET;LDLC.COM SA LDLCNET 
62.40.125.18;21320;GEANT;IP allocation for GEANT network infrastructure GEANT European Backbone GEANT European Backbone 
166.49.208.63;5400;BT-IGNITE-GLOBAL-BACKBONE;Communications Networking Services 81 Newgate Street London EC1A 7AJ BT Global Networks 
154.54.58.153;-2;unknown;unknown
193.251.240.179;5511;OPENTRANSIT-BACKBONE;France Telecom Long Distance 61, rue des Archives, 75003 Paris France Telecom OPENTRANSIT 
62.115.114.88;1299;EU-TELIANET-20140617;TeliaSonera AB TELIANET-BLK 
154.54.7.129;-2;unknown;unknown
87.128.237.245;3320;DTAG-TRANSIT18;Deutsche Telekom AG for IP-Transit Deutsche Telekom AG, Internet service provider 
154.54.40.110;-2;unknown;unknown
151.6.2.34;1267;IUNET-BNET6;IUnet Via Lorenteggio 257 Milano, I-20100 INFOSTRADA 
185.4.94.2;59682;INASSET-1-IPv4-3;inAsset Networks - NixMad IPv4 
195.22.19.77;8426;ESOTERICA;Claranet Portugal Clara.net Portugal Lisboa, Portugal Clara.net Portugal Lisboa, Portugal 
129.250.6.248;-2;unknown;unknown
62.154.14.210;3320;DTAG-BB16;Deutsche Telekom AG Deutsche Telekom AG, Internet service provider 
109.205.107.78;12835;TNNET-Fiemme2013-OBB-0-127;Trentino Network s.r.l. Via Gilli,2 Mondiali Fiemme 2013 Trentino Network srl 
62.154.14.218;3320;DTAG-BB16;Deutsche Telekom AG Deutsche Telekom AG, Internet service provider 
130.152.181.145;-2;unknown;unknown
184.105.80.202;-2;unknown;unknown
109.205.107.77;12835;TNNET-Fiemme2013-OBB-0-127;Trentino Network s.r.l. Via Gilli,2 Mondiali Fiemme 2013 Trentino Network srl 
154.54.28.130;-2;unknown;unknown
46.28.43.209;47537;BE-WEEPEE-20100719;WeePee NV WeePee Brussels Customer Aggregation 
154.54.58.234;-2;unknown;unknown
129.250.4.85;-2;unknown;unknown
80.78.80.1;34685;DE-XOVO-BLN1;X.OVO GmbH WebServices DE-XOVO-BLN 
141.136.107.154;3257;NACNET-EU;Tinet International Network Hugenottenalle 167 63263 Neu-Isenburg Tinet SpA 
78.109.81.252;34948;TYPHON;Typhon Typhon 
178.19.208.4;50324;ORCO-CORE;GSG Asset GmbH & Co Verwaltungs KG Infrastructure Assignment ORCO-PA-01 
77.67.82.10;3257;NACNET-EU;Tinet International Network Hugenottenalle 167 63263 Neu-Isenburg Tinet SpA 
89.207.60.3;41073;IE-RTE-20060608;Radio Telefis Eireann Radio Telefis Eireann -- rte.ie 
77.70.145.251;5377;FR-ASTRIUM-AUS-POP-1;Aussaguel D'Issus POP FR-ASTRIUM-AUS-POP-1 
212.102.224.1;15415;DE-OBERBERGONLINE-20000530;Oberberg-Online Informationssysteme GmbH Provider Local Internet Registry Oberberg-Online Informationssysteme GmbH 
81.30.0.1;16191;ICANET;ICA-NET SRL PROVIDER Local Registry ICA-NET S.r.l. - ISP and WISP 
81.201.48.195;8251;NFX-PUBLIC-CORE;NFX ipv4 public peering Neutral Free eXchange members 
5.11.48.6;47215;FILOO-CLOUD;Filoo GmbH Global Route for filoo GmbH 
62.214.34.161;8881;VT-NETWORK;Versatel Deutschland Internet Services Versatel Deutschland 
154.25.4.21;-2;unknown;unknown
195.69.119.187;-2;NETNOD-IX;NETNOD Internet Exchange i Sverige AB Peering mesh NETNOD-IX $Id 
149.6.140.61;-2;unknown;unknown
82.209.176.141;29518;INFRA-BREDBAND2-NET-SE;Bredband2 Infrastructure BREDBAND2-BLK 
83.167.56.148;8218;NEOT-BBONE-2;Neotelecoms Backbone 2 Neo Telecoms 
46.31.104.123;197075;ACTIVENETWORK;Active Network S.p.A. Active Network S.p.A. 
193.93.72.30;43451;RADIOLAN;RadioLAN spol. s r.o. RADIOLAN-SK-NET 
62.58.253.193;13127;TELE2-CUST-CEGEKA-DATA-CENTER-NV;Tele2 IP-UPLINK customer European Customer and internal transit prefix 
129.250.2.234;-2;unknown;unknown
82.194.122.65;8881;DE-VERSATEL-20031017;Versatel Deutschland GmbH BreisNet Telekommunikations- und Carrier-Dienste GmbH PROVIDER Local Registry Versatel Deutschland 
151.6.6.176;1267;IUNET-BNET6;IUnet Via Lorenteggio 257 Milano, I-20100 INFOSTRADA 
213.198.77.117;-2;VERIO-DE-INFRA;VERIO DE Dusseldorf facility 
80.231.138.22;6453;Highbridge-SV8-TATAC;Customers access -30 and BB internal use TATA Communications 
78.152.48.8;5580;ATRATOIP-269;Assigned to customer_id C-TR AS5580 
80.156.163.57;3320;DTAG-TRANSIT12;Deutsche Telekom AG for IP-Transit Deutsche Telekom AG, Internet service provider 
185.76.156.1;52094;NET-SPACY-BLO1-NET2;Net-Spacy IT-Services GmbH Net-Spacy IT-Services GmbH 
193.252.160.82;-2;RBCI;France Telecom IP Backbone 
94.228.191.85;34177;CELESTE-5;CELESTE CELESTE Network #4 
62.214.34.226;8881;VT-NETWORK;Versatel Deutschland Internet Services Versatel Deutschland 
95.141.32.1;49367;SEFLOW-DEDICATED-NET;SeFlow.it Dedicated Servers - wf2 - Milan SeFlow.it Internet Services - wf2 - Milan 
89.149.183.126;3257;NACNET-EU;Tinet Spa Tinet SpA 
62.214.104.109;8881;VT-NETWORK;Versatel Deutschland Internet Services Versatel Deutschland 
10.100.110.1;-1;private;private
193.252.137.10;-2;RBCI;Public IP for Orange Identity 
81.88.54.249;39729;IT-REGISTER-20060410;REGISTER.IT SPA Register.IT S.p.A. Register.IT S.p.A. prefix 
194.113.216.21;30962;DE-COMTRANCE-INFRA;comtrance GmbH ID-NET 
149.11.100.33;-2;unknown;unknown
37.25.57.4;57642;FR-ADENCF;FIGARO CLASSIFIEDS S.A. FIGARO CLASSIFIEDS S.A. 
89.149.187.42;3257;NACNET-EU;Tinet Spa Tinet SpA 
193.168.50.29;34749;FR-GLOBAL-ASP-20050329;GLOBAL SERVICE PROVIDER S.A. Global Service Provider 
80.231.139.42;6453;Highbridge-SV8-TATAC;Customers access -30 and BB internal use TATA Communications 
130.152.184.3;-2;unknown;unknown
212.74.67.45;-2;COLT-BB-FR;COLT Backbone addresses in FR and NL 
80.190.172.124;15598;LTD-INTERDOSE-NET-DE;Interdose Ltd. & Co. KG 69123 Heidelberg IP Exchange GmbH 
193.178.60.140;31337;SE-ELEET;ELEET Networks ELEET Networks ELEET Network 
62.115.115.138;1299;EU-TELIANET-20140617;TeliaSonera AB TELIANET-BLK 
149.11.150.5;-2;unknown;unknown
130.117.49.118;-2;unknown;unknown
85.91.1.162;34245;IE-MAGNET-SERVICES1;Magnet Networks Magnet Networks 
109.110.244.2;35432;BBONE-INTRASTRUCTURE;Backbone, interconnections, infrastructure WAVESPEED 
154.54.88.10;-2;unknown;unknown
193.251.129.84;5511;OPENTRANSIT-BACKBONE;France Telecom Long Distance 61, rue des Archives, 75003 Paris France Telecom OPENTRANSIT 
147.229.252.114;197451;VUTBRNET;Brno University of Technology VUTBR-NET4 
78.152.32.90;5580;ATRATOIP-602;Assigned to customer_id BGP subnet for WIA AS5580 
129.250.2.50;-2;unknown;unknown
213.83.34.25;12306;PUNKT-NET;punkt.de GmbH Kaiserallee 13a, Karlsruhe Plus.line Systemhaus GmbH 
195.219.83.186;6453;LDN-VSNL;Customers access -30 and BB internal use TATA Communications 
80.231.131.2;6453;LONDON-L78-TATAC;Customers access -30 and BB internal use TATA Communications 
80.91.251.207;1299;TELIA-TIC-NET-1;Telia International Carrier AS1299 Backbone TELIANET-BLK 
80.146.165.92;3320;IC3SNET;IC3S AG Deutsche Telekom AG, Internet service provider 
78.152.53.51;5580;NL-ATRATOIP-20091002;Hibernia Networks (Netherlands) BV AS5580 
62.115.141.90;1299;EU-TELIANET-20130924;TeliaSonera AB TELIANET-BLK 
194.150.37.81;8928;GB-INTEROUTE-INTERFACES-NETS;Customer P2P interface addresses in GB Interoute Communications Ltd 
149.6.32.9;-2;unknown;unknown
154.25.1.109;-2;unknown;unknown
184.105.80.85;-2;unknown;unknown
154.25.3.233;-2;unknown;unknown
178.32.135.230;16276;OVH;OVH SAS CDN infrastructures http OVH ISP 
31.172.112.65;60955;WAVECON-NET-4;Wavecon GmbH DE-WAVECON-20110401 
130.117.1.105;-2;unknown;unknown
193.242.98.151;13041;CATNIX-NET;Consorci de Serveis Universitaris de Catalunya CATalonia Neutral Internet eXchange 
130.117.3.237;-2;unknown;unknown
149.6.162.57;-2;unknown;unknown
185.4.228.5;199231;Network1;Datalahti OY DATALAHTI AS route 
72.52.92.166;-2;unknown;unknown
217.17.197.33;15725;IKSNET;IKS Service GmbH Leutragraben 1 07743 Jena DE-IKS-JENA 
212.202.213.233;20676;QSC-IGP-14;QSC AG Internal Network Infrastructure QSC AG 
193.252.159.62;-2;RBCI;France Telecom IP Backbone 
212.18.205.110;8937;SKYWAY-NET;Key-Systems/Skyway VSENET / Teresto / artelis Nell-Breunig-Allee 6 D-66115 Saarbruecken 
130.117.51.142;-2;unknown;unknown
62.115.142.73;1299;EU-TELIANET-20130924;TeliaSonera AB TELIANET-BLK 
154.54.43.10;-2;unknown;unknown
154.54.43.14;-2;unknown;unknown
77.233.240.49;31027;NIANET_CORE;nianet core network and servers nianet a/s 
217.24.235.241;9063;ARTELIS-NET;internes Netz artelis/vsenet/teresto VSENET / Teresto / artelis Nell-Breunig-Allee 6 D-66115 Saarbruecken 
84.46.112.62;15943;WILHELM_TEL_NET;ROUTING INTERN wilhelm.tel GmbH Heidbergstrasse 101-111 D-22846 Norderstedt wilhelm.tel GmbH 
154.54.43.18;-2;unknown;unknown
154.54.27.157;-2;unknown;unknown
62.40.124.245;21320;GEANT;IP allocation for GEANT network infrastructure GEANT European Backbone GEANT European Backbone 
81.88.51.254;39729;REGISTER-CORE;loopbacks and transfernets Register.IT S.p.A. prefix 
193.107.56.2;50535;EUSKILL-NET;Euskill SARL AS50535 
63.222.0.14;-2;unknown;unknown
130.117.51.146;-2;unknown;unknown
149.6.32.25;-2;unknown;unknown
154.54.7.158;-2;unknown;unknown
195.2.27.249;1273;CW-CWINTERN-NET;Cable & Wireless DUC node transfernets Cable & Wireless Austria Netblock 
84.46.99.89;15943;IC3S-NET;IC3S AG Beckerbarg 6 D-22889 Tangstedt Germany wilhelm.tel GmbH 
62.108.38.1;30962;DE-COMTRANCE-CUSTOMER-04;comtrance GmbH Customer PA Space comtrance GmbH 
151.6.192.56;1267;IUNET-BNET6;IUnet Via Lorenteggio 257 Milano, I-20100 INFOSTRADA 
195.113.235.99;2852;CESNET-BB12;CESNET z.s.p.o. Prague 6 CESNET-TCZ 
184.105.213.233;-2;unknown;unknown
154.54.10.30;-2;unknown;unknown
192.168.0.2;-1;private;private
89.149.129.186;3257;NACNET-EU;Tinet International Network Hugenottenalle 167 63263 Neu-Isenburg Tinet SpA 
78.5.223.105;8968;DBLK;ANIMA SGR BT Italia (formerly Albacom) 
129.250.6.208;-2;unknown;unknown
194.68.123.187;-2;NETNOD-IX-STH-GE;Stockholm Interconnect GigEth $Id 
10.160.0.1;-1;private;private
89.106.240.113;31669;ospf2;Riffle routing OSPF Area 0 right leg Riffle Media BVBA PA Aggregated route 
89.149.128.238;3257;NACNET-EU;Tinet International Network Hugenottenalle 167 63263 Neu-Isenburg Tinet SpA 
195.245.191.193;9186;PT-ONITELECOM-19990318;ONITELECOM - INFOCOMUNICACOES, S.A. Provider Local Registry Edinet/E3G IP space 
151.6.2.74;1267;IUNET-BNET6;IUnet Via Lorenteggio 257 Milano, I-20100 INFOSTRADA 
80.70.191.1;34372;NN-VEGA-BLFD;VegaSystems CoLocation Bielefeld VEGASYSTEMS-NET-BLFD 
184.105.80.153;-2;unknown;unknown
10.123.74.138;-1;private;private
89.26.243.254;5626;WEBSP;WEBSP - COM RCIO E PRESTA O DE SERVI OS INFORM TICOS, LDA. ONITELECOM 
89.106.240.86;31669;loopback1;Riffle routing loopback interfaces Riffle Media BVBA PA Aggregated route 
80.231.130.130;6453;LONDON-L78-TATAC;Customers access -30 and BB internal use TATA Communications 
89.106.240.84;31669;loopback1;Riffle routing loopback interfaces Riffle Media BVBA PA Aggregated route 
213.224.250.86;6848;TELENET;Telenet Operaties N.V. TELENET 
62.40.98.113;21320;GEANT;IP allocation for GEANT network GEANT European Backbone GEANT European Backbone 
212.102.234.1;15415;DE-OBERBERGONLINE-20000530;Oberberg-Online Informationssysteme GmbH Provider Local Internet Registry Oberberg-Online Informationssysteme GmbH 
89.149.183.138;3257;NACNET-EU;Tinet Spa Tinet SpA 
94.136.160.253;41391;DE-CLUSTERSKG-HAM1;CLUSTERS KG RZ HAMBURG CLUSTERS LEJ 
154.25.3.37;-2;unknown;unknown
91.226.74.3;56641;ANIMASGR-NET;ANIMA SGR S.P.A. PRIMA SGR SPA 
109.105.97.141;2603;NORDUNET-CORE;NORDUnet Core Backbone NORDUNET-CORE 
80.87.211.145;35328;DSiDATA-CUST;CUS, SK-Namestovo (DHCP) DSiData SK 
154.54.74.77;-2;unknown;unknown
46.31.104.252;197075;ACTIVENETWORK;Active Network S.p.A. Active Network S.p.A. 
130.117.51.81;-2;unknown;unknown
154.54.74.73;-2;unknown;unknown
172.25.152.58;-1;private;private
212.84.40.98;15533;IE-HOST365-20110906;Sungard Availability Services (Ireland) Ltd. Profile Park 
78.110.232.1;43566;TYNTECNET;INFRA-AW tyntec network 
149.6.32.29;-2;unknown;unknown
195.2.24.241;1273;CW-CWINTERN-NET;Cable & Wireless Cable & Wireless Austria Netblock 
62.115.143.88;1299;EU-TELIANET-20130924;TeliaSonera AB TELIANET-BLK 
141.136.111.217;3257;NACNET-EU;Tinet International Network Hugenottenalle 167 63263 Neu-Isenburg Tinet SpA 
212.87.132.140;20677;DE-IMOS-981214;imos GmbH imos 
193.110.12.101;-2;SOL-IX;Liden Data Internetwork AB SOL-IX Sweden 
213.204.176.1;2119;INVID;Invid, Vasteras Internetconnection Tiscali AB Telenor Sverige AB 
129.250.3.84;-2;unknown;unknown
195.22.24.33;8426;ESOTERICA;VIA NET.WORKS Portugal - Tecnologias de Informa,cao, SA (formerly Esoterica, SA) Lisboa, Portugal Clara.net Portugal Lisboa, Portugal Clara.net Portugal Lisboa, Portugal 
94.141.0.77;5602;KPNQWEST-IT;KPNQwest Italia Network Milano - Italy KPNQwest Italia S.p.a. netblock 
195.110.107.3;39729;IT-DADA-970904;Dada S.p.a. Register.IT S.p.A. Internet Service Provider 
87.79.17.165;8422;NETCOLOGNE;NetCologne Infrastructure Am Coloneum 9 D-50829 Koeln NetCologne PA space 
94.104.254.129;47377;BE-MOBISTAR-20080620;Mobistar SA AS47377 IPv4 Network 
154.54.24.222;-2;unknown;unknown
94.104.8.58;47377;BE-MOBISTAR-20080620;Mobistar SA AS47377 IPv4 Network 
62.115.143.210;1299;EU-TELIANET-20130924;TeliaSonera AB TELIANET-BLK 
212.79.48.2;20783;DE-POP-I-19981102;pop-interactive GmbH POP-HH.NET 
193.251.240.142;5511;OPENTRANSIT-BACKBONE;France Telecom Long Distance 61, rue des Archives, 75003 Paris France Telecom OPENTRANSIT 
83.145.255.186;29422;NBL-BACKBONE;Backbone infra FI-NBLNETWORKS-20040202 
129.250.66.17;-2;unknown;unknown
72.52.92.69;-2;unknown;unknown
80.231.158.5;6453;Lisbon-PV9-TATAC;Customers access -30 and BB internal use TATA Communications 
62.214.104.101;8881;VT-NETWORK;Versatel Deutschland Internet Services Versatel Deutschland 
154.25.8.217;-2;unknown;unknown
84.20.131.22;29422;LOOPBACK-NET4;Loopback Oy, Fourth loop Nebula Oy 
62.214.104.105;8881;VT-NETWORK;Versatel Deutschland Internet Services Versatel Deutschland 
87.238.190.1;39257;INTERACTIVE-CLOUDCOMPUTINGCUSTOMERS;Interactive Network Communications Interactive Network Communications GmbH 
149.6.118.13;-2;unknown;unknown
154.25.1.249;-2;unknown;unknown
217.29.66.125;16004;MIX-Peering;Milan Internet eXchange MIX-PEERING Milan (Italy) interconnection point 
130.117.48.182;-2;unknown;unknown
83.141.5.105;29551;AIXIT-BACKBONE-NET;Aixit GmbH Backbone DE-HGC-20040908 
82.195.67.213;8365;DE-MANDA-INFRA-V4-01;MANDA Infrastructure MANDA 
154.25.1.245;-2;unknown;unknown
62.115.113.150;1299;EU-TELIANET-20140617;TeliaSonera AB TELIANET-BLK 
154.54.58.137;-2;unknown;unknown
10.200.1.25;-1;private;private
212.74.86.131;-2;COLT-BB-CORE;CORE-019 
82.195.78.29;8365;DE-MANDA-CUST-TRANSFER-V4-01;MANDA Customer Transfer Networks MANDA 
217.13.49.29;31221;FR-EUCLYDE-20021128;euclyde Euclyde Hosting 
185.22.223.29;60955;WAVECON-NET-1;Wavecon GmbH Routing WAVECON-NET-1 
130.244.64.71;1257;SE-SWIPNET-19940728;Swipnet backbone SWIPNET In case of improper use originating from our network, please mail customer or abuse@swip.net 
146.0.41.41;24961;DE-FASTIT-201100707;myLoc managed IT AG DE-MYLOC-146-0-32-0---slash-20 
81.92.175.217;21385;TN-TNIB-TRANSFER;Trusted Network GmbH Max-Planck-Str. 1 85716 Unterschleissheim Trusted Network GmbH 
154.54.28.34;-2;unknown;unknown
89.149.186.201;3257;NACNET-EU;Tinet Spa Tinet SpA 
154.25.2.137;-2;unknown;unknown
89.149.186.5;3257;NACNET-EU;Tinet Spa Tinet SpA 
80.87.211.17;35328;DSIDATA-WAN;INF, SK P2P DSiData SK 
141.136.105.217;3257;NACNET-EU;Tinet International Network Hugenottenalle 167 63263 Neu-Isenburg Tinet SpA 
195.66.224.21;5459;LINX-PEER-LON1;London Internet Exchange (LINX) Primary Peering LAN in London UK-LINX-1 
130.117.50.77;-2;unknown;unknown
151.6.6.61;1267;IUNET-BNET6;IUnet Via Lorenteggio 257 Milano, I-20100 INFOSTRADA 
5.83.128.177;12586;DE-ROOTSERVER-01;TopColo.de - Germany - FFM4 Germany IP Routing via Top-Colo.de 
213.155.130.22;1299;TELIANET;TeliaSonera International Carrier AS1299 Backbone TELIANET-BLK 
81.92.175.73;21385;TN-TNIB-TRANSFER;Trusted Network GmbH Max-Planck-Str. 1 85716 Unterschleissheim Trusted Network GmbH 
83.167.60.192;8218;FR-NEOT-20040615;Neo Telecoms S.A.S. Neo Telecoms 
217.7.125.44;3320;IC3S-INFORMATION-NET;IC3S Information Deutsche Telekom AG, Internet service provider 
178.33.100.234;16276;OVH;OVH SAS Network infrastructure http OVH ISP Paris, France 
10.15.0.1;-1;private;private
62.115.136.203;1299;EU-TELIANET-20130924;TeliaSonera AB TELIANET-BLK 
185.48.116.3;51862;PROFITBRICKS-MANAGEMENT-FRA1;ProfitBricks Management Frankfurt 1 PROFITBRICKS-ROUTE 
89.149.180.121;3257;NACNET-EU;Tinet International Network Hugenottenalle 167 63263 Neu-Isenburg Tinet SpA 
213.192.238.57;12541;ES-BTTEL-20020523;BT ESPANA, COMPANIA DE SERVICIOS GLOBALES DE TELECOMUNICACIONES, SA BT IGS Allocated block 3 
80.231.139.1;6453;Highbridge-SV8-TATAC;Customers access -30 and BB internal use TATA Communications 
80.249.209.150;1200;NL-AMSIX-20120830;Amsterdam Internet Exchange B.V. AMS-IX5 
89.149.180.125;3257;NACNET-EU;Tinet International Network Hugenottenalle 167 63263 Neu-Isenburg Tinet SpA 
154.54.44.137;-2;unknown;unknown
166.49.237.81;5400;BT-IGNITE-GLOBAL-BACKBONE;Communications Networking Services 81 Newgate Street London EC1A 7AJ BT Global Networks 
62.154.15.10;3320;DTAG-BB16;Deutsche Telekom AG Deutsche Telekom AG, Internet service provider 
72.52.92.242;-2;unknown;unknown
46.16.220.114;15943;IC3S-NET-ISP-RZ5;ic3s ISP Services Netzwork IC3S Information, Computer und Solartechnik AG 
213.155.134.129;1299;TELIANET;TeliaSonera International Carrier AS1299 Backbone TELIANET-BLK 
62.214.106.89;8881;VT-NETWORK;Versatel Deutschland Internet Services Versatel Deutschland 
130.117.48.114;-2;unknown;unknown
72.52.92.122;-2;unknown;unknown
62.115.138.124;1299;EU-TELIANET-20130924;TeliaSonera AB TELIANET-BLK 
80.157.129.250;3320;DTAG-TRANSIT15;Deutsche Telekom AG for IP-Transit Deutsche Telekom AG, Internet service provider 
194.29.225.133;20647;IPB-P2P-LOOP;I/P/B/ Internet Provider in Berlin GmbH IPB-PA-1 
213.161.2.218;3212;SIBONE;Triera Internet Broadband Network Services Triera Internet Broadband Network Services http 
129.250.4.162;-2;unknown;unknown
195.245.142.162;9186;PT-ONITELECOM-19990318;ONITELECOM - INFOCOMUNICACOES, S.A. Provider Local Registry ONITELECOM IP Address 
62.115.137.43;1299;EU-TELIANET-20130924;TeliaSonera AB TELIANET-BLK 
46.33.94.237;3257;NACNET-EU;Tinet International Network Hugenottenalle 167 63263 Neu-Isenburg Tinet 
46.33.84.54;3257;NACNET-EU;Tinet International Network Hugenottenalle 167 63263 Neu-Isenburg Tinet 
172.22.0.1;-1;private;private
178.19.210.241;50324;orco-ten-9-2;GSG Asset GmbH & Co Verwaltungs KG ORCO-PA-01 
154.54.42.97;-2;unknown;unknown
141.136.105.102;3257;NACNET-EU;Tinet International Network Hugenottenalle 167 63263 Neu-Isenburg Tinet SpA 
130.149.58.129;680;TUB;TU Berlin, campus network TUB TUB 
81.52.6.2;-2;VPN-BACKBONE;Orange OLNC IBNF 
62.214.106.74;8881;VT-NETWORK;Versatel Deutschland Internet Services Versatel Deutschland 
154.54.5.114;-2;unknown;unknown
62.154.14.130;3320;DTAG-BB16;Deutsche Telekom AG Deutsche Telekom AG, Internet service provider 
212.80.190.2;12541;ES-BTTEL-19990707;BT ESPANA, COMPANIA DE SERVICIOS GLOBALES DE TELECOMUNICACIONES, SA Cable & Wireless Europe assigned internal use 
62.214.106.70;8881;VT-NETWORK;Versatel Deutschland Internet Services Versatel Deutschland 
154.54.30.41;-2;unknown;unknown
62.214.33.229;8881;VT-NETWORK;Versatel Deutschland Internet Services Versatel Deutschland 
185.5.109.174;34177;CELESTE-8;CELESTE internet services provider CELESTE Network #6 
213.155.135.145;1299;TELIANET;TeliaSonera International Carrier AS1299 Backbone TELIANET-BLK 
213.155.135.147;1299;TELIANET;TeliaSonera International Carrier AS1299 Backbone TELIANET-BLK 
185.5.109.8;34177;CELESTE-8;CELESTE internet services provider CELESTE Network #6 
213.155.135.149;1299;TELIANET;TeliaSonera International Carrier AS1299 Backbone TELIANET-BLK 
213.155.130.75;1299;TELIANET;TeliaSonera International Carrier AS1299 Backbone TELIANET-BLK 
80.91.249.96;1299;TELIA-TIC-NET-1;Telia International Carrier AS1299 Backbone TELIANET-BLK 
89.149.185.101;3257;NACNET-EU;Tinet Spa Tinet SpA 
212.77.162.209;12611;R-KOM-NET-AS12611;R-KOM GmbH & Co KG Greflinger Strasse 26 93055 Regensburg R-KOM Regensburger Telekommunikationsgesellschaft mbH & Co. KG 
141.136.109.89;3257;NACNET-EU;Tinet International Network Hugenottenalle 167 63263 Neu-Isenburg Tinet SpA 
213.183.192.30;15368;INTARES-LAN;Intares GmbH INTARES-RO-01 
195.245.240.187;-2;NETNOD-GIGE-STH-A;NETNOD Internet Exchange i Sverige AB Peering mesh Stockholm-A GigE $Id 
130.117.3.161;-2;unknown;unknown
83.141.0.254;29551;HG-TN-1;Aixit GmbH DE-HGC-20040908 
178.32.135.164;16276;OVH;OVH SAS CDN infrastructures http OVH ISP 
130.117.49.37;-2;unknown;unknown
185.11.252.65;61303;DE-NETWAYS-20121130;NETWAYS GmbH NETWAYS GmbH 
184.105.222.49;-2;unknown;unknown
62.176.112.137;8866;BG-BTC-20000620;Bulgarian Telecommunications Company Plc. BTC 
130.117.49.57;-2;unknown;unknown
185.51.176.254;61984;RESEAUCONCEPT;Hosting RESEAUCONCEPT 
185.24.116.254;62290;TS-NET-1;Tecnoservizi S.a.s. Via Chiesa Sud, 134 I - 41016 Novi di Modena MO TECNOSERVIZI S.r.l. netblock 
213.255.14.74;8968;ALBAN1;Albacom BB infrastructure - AlbaIP BT Italia (formerly Albacom) 
89.207.56.233;41073;IE-RTE-IPV4-NETBLK1;RTE Radio Telefis Eireann -- rte.ie 
212.112.161.105;12552;CUSTOMER-IPLINKS;IP-Only IP-ONLY 
81.30.1.129;16191;IT-ICANET-SERVICE-INFRASTRUCTURE;ICA-NET SRL PROVIDER Local Registry ICA-NET S.r.l. - ISP and WISP 
129.250.2.146;-2;unknown;unknown
81.180.99.1;25409;SC-ALSYS-DATA-SRL;Alsys Data SRL, Drumul Sarii 88B, Bucharest Alsys Data SRL Bucharest, Romania, Drumul Sarii Street 88B 
10.150.0.85;-1;private;private
178.32.135.78;16276;OVH;OVH SAS CDN infrastructures http OVH ISP 
129.250.2.149;-2;unknown;unknown
80.91.251.243;1299;TELIA-TIC-NET-1;Telia International Carrier AS1299 Backbone TELIANET-BLK 
194.25.6.62;3320;DTAG-BB8;Deutsche Telekom AG Deutsche Telekom AG, Internet service provider 
141.136.111.254;3257;NACNET-EU;Tinet International Network Hugenottenalle 167 63263 Neu-Isenburg Tinet SpA 
72.52.92.13;-2;unknown;unknown
149.6.108.9;-2;unknown;unknown
81.25.202.153;-2;VERIO-IT-INFRA;Verio IT mlanit01 
62.240.250.129;8426;CLARANET-FRANCE-NETS;Claranet France NOC and Customer Network CLARAFR-AGG2 
77.247.83.193;25291;SYS11-TRANSFER-NET;SysEleven GmbH Transfernets Sys11 VPN Services UG (haftungsbeschraenkt) 
62.210.47.222;12876;IE-POOL-BUSINESS-HOSTING;IP Pool for Iliad-Entreprises Business Hosting Customers Online SAS Paris, France 
149.6.108.1;-2;unknown;unknown
80.81.202.30;6695;DE-CIX-MUC-IXP;DE-CIX Management GmbH ALP-IX, Munich DE-CIX, the German Internet Exchange DE-CIX, the German Internet Exchange 
83.167.56.221;8218;NEOT-BBONE-2;Neotelecoms Backbone 2 Neo Telecoms 
89.149.184.65;3257;NACNET-EU;Tinet Spa Tinet SpA 
185.65.7.234;21235;DE-ADVANCED-HAMBURG-20140725;ADVANCED Systemhaus GmbH Advanced Systemhaus GmbH 
10.0.4.1;-1;private;private
129.250.2.158;-2;unknown;unknown
149.6.32.33;-2;unknown;unknown
89.28.136.137;41307;TPP-MEASURE-AS41307;Telepark Passau GmbH Regensburgerstrasse 29 94036 Passau Telepark Passau GmbH 
217.110.137.65;8220;DE-COLT-108;COLT Telecom COLT 
94.124.104.77;42000;KAORACZ-NET-INFRASTRUCTURE;Network infrastructure of Kaora, s.r.o. Kaora, s.r.o. 
193.242.111.69;2128;IE-INEX-IPV4-PI-NETBLK1;Internet Neutral Exchange Association Limited IE-INEX-IPV4-PI-NETBLK1 
184.105.81.34;-2;unknown;unknown
213.155.131.237;1299;TELIANET;TeliaSonera International Carrier AS1299 Backbone TELIANET-BLK 
86.50.160.14;1741;CSC-DCNET-INFRA;CSC Kajaani Data Center - Infra Networks FUNET-BLOCK 
78.152.34.6;5580;ATRATOIP-531;Assigned to customer_id r1.ams5.nl - r1.ams1.nl AS5580 
89.149.128.242;3257;NACNET-EU;Tinet International Network Hugenottenalle 167 63263 Neu-Isenburg Tinet SpA 
130.117.49.41;-2;unknown;unknown
213.155.136.94;1299;TELIANET;TeliaSonera International Carrier AS1299 Backbone TELIANET-BLK 
154.54.58.141;-2;unknown;unknown
109.105.102.104;2603;NORDUNET-CORE;NORDUnet Core Backbone NORDUNET-CORE 
185.10.36.62;61343;PATRONAS-INFRASTRUCTURE;PATRONAS Infrastructure Network PATRONAS Network 
62.40.112.29;21320;GEANT;IP allocation for GEANT network infrastructure GEANT European Backbone GEANT European Backbone 
184.105.222.129;-2;unknown;unknown
194.68.128.187;8674;SE-GIX;Stockholm Interconnect FDDI $Id Stockholm Interconnect $Id 
149.11.114.49;-2;unknown;unknown
185.3.128.2;59689;KEYADE;Keyade Keyade cidr block 
109.105.97.139;2603;NORDUNET-CORE;NORDUnet Core Backbone NORDUNET-CORE 
193.110.224.33;-2;FICIX-IXP;Finnish Communication and Internet Exchange - FICIX ry FICIX IXP 
193.107.56.5;50535;EUSKILL-NET;Euskill SARL AS50535 
129.250.5.217;-2;unknown;unknown
109.105.97.130;2603;NORDUNET-CORE;NORDUnet Core Backbone NORDUNET-CORE 
212.39.69.213;8866;BTC-LPBKS-WNS;BTC - Loopbacks and WANs Bulgarian Telecommunications Company Plc. 
212.39.69.210;8866;BTC-LPBKS-WNS;BTC - Loopbacks and WANs Bulgarian Telecommunications Company Plc. 
213.155.137.234;1299;TELIANET;TeliaSonera International Carrier AS1299 Backbone TELIANET-BLK 
80.91.251.96;1299;TELIA-TIC-NET-1;Telia International Carrier AS1299 Backbone TELIANET-BLK 
192.38.7.38;1835;DK-DENET-19930901;Danmarks Tekniske Universitet Forskningsnettet-192.38 
62.214.105.78;8881;VT-NETWORK;Versatel Deutschland Internet Services Versatel Deutschland 
37.187.231.93;16276;OVH;OVH SAS Infrastructure OVH 
149.6.172.17;-2;unknown;unknown
72.52.92.81;-2;unknown;unknown
10.96.253.74;-1;private;private
192.168.3.1;-1;private;private
147.229.252.205;197451;VUTBRNET;Brno University of Technology VUTBR-NET4 
77.94.160.54;8641;RU-NAUKANET-20070605;LLC "Nauka-Svyaz" Nauka-Svyaz 
109.168.46.193;5602;K-LAIS-LAISSRL;LAIS S.R.L. BRESCIA BS KPNQwest Italia S.p.a. netblock 
80.87.217.241;35328;DSIDATA-WAN;PPPoE users DSiData SK 
89.149.182.74;3257;NACNET-EU;Tiscali International Network B.V. Robert-Bosch-Str. 32 D-63303 Dreieich Tinet SpA 
154.25.0.161;-2;unknown;unknown
141.136.111.186;3257;NACNET-EU;Tinet International Network Hugenottenalle 167 63263 Neu-Isenburg Tinet SpA 
154.25.0.165;-2;unknown;unknown
62.115.142.77;1299;EU-TELIANET-20130924;TeliaSonera AB TELIANET-BLK 
62.169.56.1;28831;FVS-NET;Ferriera Valsabbia SpA - Odolo (Brescia) Wireless & IRON-NET Network PHOENIX INFORMATICA SRL 
141.136.99.14;3257;NACNET-EU;Tinet International Network Hugenottenalle 167 63263 Neu-Isenburg Tinet SpA 
89.149.181.238;3257;NACNET-EU;Tinet International Network Hugenottenalle 167 63263 Neu-Isenburg Tinet SpA 
130.117.50.34;-2;unknown;unknown
213.155.131.247;1299;TELIANET;TeliaSonera International Carrier AS1299 Backbone TELIANET-BLK 
83.143.216.97;35382;CAPNOVA-NET-PI;Oy Capnova Ltd Oy Capnova Ltd 
213.155.131.245;1299;TELIANET;TeliaSonera International Carrier AS1299 Backbone TELIANET-BLK 
37.25.57.3;57642;FR-ADENCF;FIGARO CLASSIFIEDS S.A. FIGARO CLASSIFIEDS S.A. 
212.77.160.57;12611;R-KOM-NET-AS12611;R-KOM GmbH & Co KG Greflinger Strasse 26 93055 Regensburg R-KOM Regensburger Telekommunikationsgesellschaft mbH & Co. KG 
10.1.51.1;-1;private;private
195.2.25.197;1273;CW-CUST-PTP-NET;Customer PtP BKL Cable & Wireless Austria Netblock 
89.111.41.69;12993;DEAC-COLOCATION-DC-NET;SIA DEAC DATU CENTRS Digitalas Ekonomikas Attistibas Centrs 
192.168.10.1;-1;private;private
154.54.39.153;-2;unknown;unknown
80.10.124.143;-2;IPBRX-ACCESS-Equipments;France Telecom access equipements 
62.214.106.45;8881;VT-NETWORK;Versatel Deutschland Internet Services Versatel Deutschland 
149.14.68.161;-2;unknown;unknown
109.69.8.193;49835;GUIFINET_BCN2;Fundacio Privada per a la Xarxa Lliure, Oberta i Neutral guifi.net GUIFINET IPv4 Network 
185.10.36.254;61343;PATRONAS-INFRASTRUCTURE;PATRONAS Infrastructure Network PATRONAS Network 
149.6.32.57;-2;unknown;unknown
91.213.25.241;-2;MEZCALITO;MEZCALITO SARL Mezcalito 
62.214.106.49;8881;VT-NETWORK;Versatel Deutschland Internet Services Versatel Deutschland 
149.6.32.53;-2;unknown;unknown
10.129.254.33;-1;private;private
213.155.137.127;1299;TELIANET;TeliaSonera International Carrier AS1299 Backbone TELIANET-BLK 
192.168.246.1;-1;private;private
62.115.141.92;1299;EU-TELIANET-20130924;TeliaSonera AB TELIANET-BLK 
193.25.173.1;29551;CZMOK-NET;Jan Czmok Lambda Solutions 
130.117.48.158;-2;unknown;unknown
62.116.194.2;31027;WNB-NET-1;Wnb ApS nianet a/s 
62.116.194.3;31027;WNB-NET-1;Wnb ApS nianet a/s 
149.6.142.45;-2;unknown;unknown
46.31.40.37;44141;DEVCLIC-RBB;Devclic Network Infrastructure Devclic 
10.0.12.10;-1;private;private
217.29.33.49;16188;PUNKT-DC1-INFRA2;punkt.de GmbH datacenter 1 infrastructure punkt.de GmbH Kaiserallee 13a 76133 Karlsruhe Germany Tel. +49 721 9109 0 
62.240.250.202;8426;CLARANET-FRANCE-NETS;Claranet France NOC and Customer Network CLARAFR-AGG2 
81.26.160.46;12843;TXX-BACKBONE-2;TelemaxX Telekommunikation GmbH Backbone Infrastruktur TelemaxX Telekommunikation GmbH 
10.90.96.1;-1;private;private
154.54.28.66;-2;unknown;unknown
81.26.160.49;12843;TXX-BACKBONE-2;TelemaxX Telekommunikation GmbH Backbone Infrastruktur TelemaxX Telekommunikation GmbH 
90.147.81.101;137;GARRX-NET;GARR-X Backbone Consortium GARR GARR routes 
185.30.92.1;60491;NO-LIMIT-NETWORK;No Limit Network public infrastructure PI-1 NLN 
195.2.25.166;1273;CW-CUST-PTP-NET;Customer PtP BKL Cable & Wireless Austria Netblock 
198.71.45.21;-2;unknown;unknown
154.25.4.181;-2;unknown;unknown
62.115.112.59;1299;EU-TELIANET-20140617;TeliaSonera AB TELIANET-BLK 
212.65.36.9;47377;MOBISTAR-BACKBONE;backbone assignments be.mobistar be.mobistar 
130.117.49.109;-2;unknown;unknown
62.40.98.112;21320;GEANT;IP allocation for GEANT network GEANT European Backbone GEANT European Backbone 
213.155.131.142;1299;TELIANET;TeliaSonera International Carrier AS1299 Backbone TELIANET-BLK 
77.111.1.181;3212;TUSTELEKOM-SERVERS;For abuse please contact abuse@voljatel.si Voljatel Telekomunikacije d.d. For abuse please contact abuse@voljatel.si Telemach For abuse please contact abuse[at]telemach.si 
129.250.2.41;-2;unknown;unknown
129.250.2.43;-2;unknown;unknown
213.161.2.222;3212;SIBONE;Triera Internet Broadband Network Services Triera Internet Broadband Network Services http 
62.214.34.177;8881;VT-NETWORK;Versatel Deutschland Internet Services Versatel Deutschland 
154.54.58.190;-2;unknown;unknown
141.136.109.81;3257;NACNET-EU;Tinet International Network Hugenottenalle 167 63263 Neu-Isenburg Tinet SpA 
62.115.12.45;1299;EU-TELIANET;TeliaSonera AB TELIANET-BLK 
10.220.254.255;-1;private;private
154.54.42.85;-2;unknown;unknown
154.54.44.105;-2;unknown;unknown
78.111.72.105;33984;SURFPLANET;Ripe Atlas Probe Surfplanet GmbH PA-Block 
80.87.217.245;35328;DSIDATA-WAN;PPPoE users DSiData SK 
154.54.42.165;-2;unknown;unknown
84.233.218.190;8928;IP-UK-GLOBAL-SWITCH-POP-NETS;Interoute GlobalSwitch POP Interoute Telecommunications (UK) Ltd 
129.250.6.162;-2;unknown;unknown
194.146.118.80;9033;ECIX-DUS-IPV4;Peering GmbH European Commercial Internet Exchange Peering LAN Duesseldorf, Germany Peering LAN ECIX-DUS European Commercial Internet Exchange 
62.115.138.122;1299;EU-TELIANET-20130924;TeliaSonera AB TELIANET-BLK 
95.141.47.254;49367;SEFLOW-MGMT;Dedicated Servers SeFlow.it Internet Services - wf2 - Milan 
213.183.195.81;15368;DE-MN-01;nebel.de Augustenburger Str. 1 D-22769 Hamburg INTARES-RO-01 
80.87.217.253;35328;DSIDATA-WAN;PPPoE users DSiData SK 
92.39.244.195;34274;FR-ELB-20100107;ELB multimedia Routage ELB MULTIMEDIA HOSTING DATA CENTER3 
84.46.112.58;15943;WILHELM_TEL_NET;ROUTING INTERN wilhelm.tel GmbH Heidbergstrasse 101-111 D-22846 Norderstedt wilhelm.tel GmbH 
172.16.0.2;-1;private;private
216.218.223.28;-2;unknown;unknown
185.22.223.81;60955;WAVECON-NET-3;Wavecon GmbH (Routing) WAVECON-NET-1 
62.115.115.225;1299;EU-TELIANET-20140617;TeliaSonera AB TELIANET-BLK 
217.13.49.85;31221;FR-EUCLYDE-20021128;euclyde Euclyde Hosting 
62.115.115.227;1299;EU-TELIANET-20140617;TeliaSonera AB TELIANET-BLK 
188.1.235.117;680;WIN-IP;Verein zur Foerderung eines Deutschen Forschungsnetzes e.V. IP networking on DFN's Wissenschaftsnetz "X-WiN" connecting research institutes spread all over GERMANY DFN-188.1 
213.155.134.77;1299;TELIANET;TeliaSonera International Carrier AS1299 Backbone TELIANET-BLK 
80.157.128.233;3320;DTAG-TRANSIT15;Deutsche Telekom AG for IP-Transit Deutsche Telekom AG, Internet service provider 
77.233.240.53;31027;NIANET_CORE;nianet core network and servers nianet a/s 
77.233.240.54;31027;NIANET_CORE;nianet core network and servers nianet a/s 
88.200.7.244;2107;ARNES-NET;ARNES Ljubljana Slovenia ARNES-ID 64 ARNES provider block Academic and Research Network of Slovenia Ljubljana Slovenia 
81.95.15.162;33891;CORE-BACKBONE-INFRA1;Core-Backbone GmbH Infrastructure, Routing CORE-BACKBONE 
216.218.223.26;-2;unknown;unknown
213.155.135.139;1299;TELIANET;TeliaSonera International Carrier AS1299 Backbone TELIANET-BLK 
198.27.73.166;-2;unknown;unknown
198.27.73.164;-2;unknown;unknown
62.40.124.192;21320;GEANT;IP allocation for GEANT network infrastructure GEANT European Backbone GEANT European Backbone 
193.252.137.70;-2;RBCI;Public IP for Orange Identity 
89.149.129.194;3257;NACNET-EU;Tinet International Network Hugenottenalle 167 63263 Neu-Isenburg Tinet SpA 
213.155.135.133;1299;TELIANET;TeliaSonera International Carrier AS1299 Backbone TELIANET-BLK 
213.155.135.135;1299;TELIANET;TeliaSonera International Carrier AS1299 Backbone TELIANET-BLK 
195.154.1.3;12876;FR-ILIAD-ENTREPRISES-CUSTOMERS;Iliad Entreprises Customers Online SAS Paris, France 
77.233.240.50;31027;NIANET_CORE;nianet core network and servers nianet a/s 
172.24.1.254;-1;private;private
85.91.2.200;34245;IE-MAGNET-MGMT;Magnet Networks Magnet Networks 
62.115.134.69;1299;EU-TELIANET-20130924;TeliaSonera AB TELIANET-BLK 
37.26.226.35;15695;EXPEREO_BUSINESS_DSL_EU_INFRA;Expereo Expereo customers DE 
178.19.223.90;50324;HOFNETZ-CORE-223;Hofnetz & IT Services GmbH Backbone-Infrastructure Assignment ORCO-PA-01 
92.61.196.1;44384;CROSSAN-CABLECOMM;CableComm-196197 CrossanRouteObject 
89.149.129.190;3257;NACNET-EU;Tinet International Network Hugenottenalle 167 63263 Neu-Isenburg Tinet SpA 
184.105.213.229;-2;unknown;unknown
154.54.30.185;-2;unknown;unknown
192.168.24.7;-1;private;private
195.42.144.104;44729;EE-Paris;Equinix France SAS EQUINIX-PARIS-IX-V4 
213.140.214.19;35432;ADSL-HOME-DYNAMIC;ADSL Home Dynamic Pool Wavespeed Route Object 
109.105.98.10;2603;NORDUNET-CORE;NORDUnet Core Backbone NORDUNET-CORE 
154.54.38.205;-2;unknown;unknown
149.6.152.149;-2;unknown;unknown
89.149.185.2;3257;NACNET-EU;Tinet Spa Tinet SpA 
154.54.38.209;-2;unknown;unknown
85.115.3.145;12843;TXX-TRANSFER-1;TelemaxX Telekommunikation GmbH TelemaxX-Customer-Transfer-Networks TelemaxX Telekommunikation GmbH 
213.161.11.65;3212;SIBONE;Triera Internet Broadband Network Services Triera Internet Broadband Network Services http 
62.40.125.180;21320;GEANT;IP allocation for GEANT network infrastructure GEANT European Backbone GEANT European Backbone 
185.5.100.237;39702;RIPEPropeV3;Sparkassen-IT GmbH & Co. KG 75365 Calw, Germany S-IT 
184.105.223.209;-2;unknown;unknown
62.168.203.253;31055;CONSULT;Consultix GmbH Consultix GmbH 
141.136.105.98;3257;NACNET-EU;Tinet International Network Hugenottenalle 167 63263 Neu-Isenburg Tinet SpA 
193.252.159.58;-2;RBCI;France Telecom IP Backbone 
130.0.72.205;42442;DE-ADACOR;Adacor Hosting GmbH Adacor Hosting GmbH 
213.155.136.78;1299;TELIANET;TeliaSonera International Carrier AS1299 Backbone TELIANET-BLK 
149.6.32.37;-2;unknown;unknown
94.127.224.12;48139;DE-BOYENS-HEIDE01;Boyens Medien Boyens Medien GmbH & Co. KG 
80.91.254.214;1299;TELIA-TIC-NET-1;Telia International Carrier AS1299 Backbone TELIANET-BLK 
217.71.111.169;13237;LNC-DE-CUSTOMERLINKS2;Point-to-Point for German Customers LambdaNet Communications Deutschland AG LambdaNet Backbone 
217.113.64.19;-2;Gatewaycomms;Backbone routers, servers, switches and the MSI office LAN 
130.149.126.77;680;TUB;TU Berlin, campus network TUB TUB 
212.122.54.186;16097;HL-CLUSTERS;Clusters KG HL komm Telekommunikationsgesellschaft mbH 
149.6.48.13;-2;unknown;unknown
217.78.199.124;16086;FV-198-199;Finnet Verkot DNA Oy 
91.223.40.11;197551;AMEOS;Ameos SARL Ameos 
154.25.9.85;-2;unknown;unknown
185.31.40.1;60362;FR-ALWAYSDATA-20130719;ALWAYSDATA SARL Route for 185.31.40.0/22 
184.105.81.238;-2;unknown;unknown
129.250.3.93;-2;unknown;unknown
80.70.191.29;34372;NN-VEGA-BLFD;VegaSystems CoLocation Bielefeld VEGASYSTEMS-NET-BLFD 
154.25.9.89;-2;unknown;unknown
62.119.219.121;2119;Telenor-net-sweden;Telenor Sweden infra Telenor Sverige AB 
141.136.105.106;3257;NACNET-EU;Tinet International Network Hugenottenalle 167 63263 Neu-Isenburg Tinet SpA 
62.115.143.202;1299;EU-TELIANET-20130924;TeliaSonera AB TELIANET-BLK 
141.136.107.230;3257;NACNET-EU;Tinet International Network Hugenottenalle 167 63263 Neu-Isenburg Tinet SpA 
212.84.34.17;199547;VOIX;Dynamic PPP pool Voix srl 
212.79.9.201;20783;DE-POP-I-19981102;pop-interactive GmbH POP-HH.NET 
62.115.143.165;1299;EU-TELIANET-20130924;TeliaSonera AB TELIANET-BLK 
217.239.39.14;3320;DTAG-INT1;Deutsche Telekom AG, Internet Service Provider Deutsche Telekom AG, Internet service provider 
62.115.143.163;1299;EU-TELIANET-20130924;TeliaSonera AB TELIANET-BLK 
10.200.0.254;-1;private;private
213.140.214.14;35432;ADSL-HOME-DYNAMIC;ADSL Home Dynamic Pool Wavespeed Route Object 
62.78.111.148;16086;DNAP-080428;DNA Palvelut Oy Ansatie 6a B 01741 Vantaa DNA Oy 
83.145.255.194;29422;NBL-BACKBONE;Backbone infra FI-NBLNETWORKS-20040202 
154.54.40.106;-2;unknown;unknown
154.54.36.226;-2;unknown;unknown
212.123.127.242;15598;IP-PARTNER;IP Exchange GmbH Am Tower 5 90475 Nuernberg IP Exchange GmbH / IP Partner AG 
212.77.162.122;12611;R-KOM-NET-AS12611;R-KOM GmbH & Co KG Greflinger Strasse 26 93055 Regensburg R-KOM Regensburger Telekommunikationsgesellschaft mbH & Co. KG 
151.6.2.13;1267;IUNET-BNET6;IUnet Via Lorenteggio 257 Milano, I-20100 INFOSTRADA 
192.121.80.162;-2;SE-STHIX-EQUIPMENT;STHIX STHIX 
129.250.2.64;-2;unknown;unknown
151.6.2.15;1267;IUNET-BNET6;IUnet Via Lorenteggio 257 Milano, I-20100 INFOSTRADA 
213.155.136.96;1299;TELIANET;TeliaSonera International Carrier AS1299 Backbone TELIANET-BLK 
193.169.198.70;15669;BIX-BG;BIX.BG Ltd. BIX.BG 
130.117.51.41;-2;unknown;unknown
195.154.1.112;12876;FR-ILIAD-ENTREPRISES-CUSTOMERS;Iliad Entreprises Customers Online SAS Paris, France 
212.74.86.127;-2;COLT-BB-CORE;CORE-019 
194.113.216.25;30962;DE-COMTRANCE-INFRA;comtrance GmbH ID-NET 
213.155.135.137;1299;TELIANET;TeliaSonera International Carrier AS1299 Backbone TELIANET-BLK 
213.248.65.210;1299;TELIANET;TeliaSonera International Carrier AS1299 Backbone TELIANET-BLK 
80.87.211.9;35328;DSIDATA-WAN;INF, SK P2P DSiData SK 
80.87.211.5;35328;DSIDATA-WAN;INF, SK P2P DSiData SK 
62.240.250.126;8426;CLARANET-FRANCE-NETS;Claranet France NOC and Customer Network CLARAFR-AGG2 
193.149.1.113;6895;ESPANIX;ASOCIACION ESPANIX Punto Neutro de Interconexion en Espana Spain Internet Exchange Punt Neutre d'Interconnexio d'Espanya www.espanix.net Spain Spanish Internet Exchange Punto de Intercambio de Espana http 
89.184.134.58;39642;DK-SYD-ENERGI-NETWORK;Syd Energi Network Infrastructure SYD ENERGI A/S 
212.79.49.140;20783;POP-I-NET;pop-interactive GmbH POP-HH.NET 
213.224.247.106;6848;TELENET;Telenet Operaties N.V. TELENET 
212.79.49.142;20783;POP-I-NET;pop-interactive GmbH POP-HH.NET 
194.141.221.254;6802;RC-BAS-BIS21PP-221;NREN - Bulgaria BIS21PP infrastructure at IPP-BAS Sofia bg.unicom-b, aggregated Provider Local Registry Block 
80.70.176.2;34372;NN-VEGA-CORE;Vegasystems Core VEGASYSTEMS-NET-1 
62.214.110.189;8881;VT-NETWORK;Versatel Deutschland Internet Services Versatel Deutschland 
184.105.223.233;-2;unknown;unknown
109.105.97.127;2603;NORDUNET-CORE;NORDUnet Core Backbone NORDUNET-CORE 
178.132.80.97;57344;Telehouse;Telehouse EAD Telehouse EAD 
37.49.232.13;57734;FRANCEIX-MARSEILLE-PEERING;FranceIX Marseille Peering LAN FranceIX Services 
80.247.227.254;15826;NET-NFRANCE-04;NFrance Conseil Datacenter Ramonville NFRANCE CONSEIL - bloc RIPE 1 
141.136.107.66;3257;NACNET-EU;Tinet International Network Hugenottenalle 167 63263 Neu-Isenburg Tinet SpA 
5.104.16.17;198977;UnArtel;UnArtel s.r.o. Unart/UnArtel route 
141.136.97.225;3257;NACNET-EU;Tinet International Network Hugenottenalle 167 63263 Neu-Isenburg Tinet SpA 
90.147.80.109;137;GARRX-NET;GARR-X Backbone Consortium GARR GARR routes 
10.137.205.225;-1;private;private
129.250.3.189;-2;unknown;unknown
77.232.232.129;42102;DE-LR-NETCON-20061218;L&R Network Consulting LRNC-NET-OF1 
91.213.211.118;-2;PEERING-CZ;Peering.cz s.r.o. 
62.115.113.160;1299;EU-TELIANET-20140617;TeliaSonera AB TELIANET-BLK 
137.164.26.246;-2;unknown;unknown
89.106.218.229;39702;SIT-INFRA;S-IT network infrastructure Calw, Germany S-IT 
62.214.110.181;8881;VT-NETWORK;Versatel Deutschland Internet Services Versatel Deutschland 
130.244.3.0;1257;SE-SWIPNET-19940728;Swipnet backbone SWIPNET In case of improper use originating from our network, please mail customer or abuse@swip.net 
78.152.44.241;5580;ATRATOIP-2631;Assigned to customer_id core1.ams2.nl <> core1.par2.fr AS5580 
10.255.49.102;-1;private;private
154.54.28.70;-2;unknown;unknown
37.26.226.34;15695;EXPEREO_BUSINESS_DSL_EU_INFRA;Expereo Expereo customers DE 
198.71.45.6;-2;unknown;unknown
141.136.109.65;3257;NACNET-EU;Tinet International Network Hugenottenalle 167 63263 Neu-Isenburg Tinet SpA 
62.214.106.93;8881;VT-NETWORK;Versatel Deutschland Internet Services Versatel Deutschland 
37.128.137.108;12835;TNNET-BB-PRIMARY;TNNET-PATNET Trentino Network srl 
62.214.106.97;8881;VT-NETWORK;Versatel Deutschland Internet Services Versatel Deutschland 
62.115.134.65;1299;EU-TELIANET-20130924;TeliaSonera AB TELIANET-BLK 
62.115.116.90;1299;EU-TELIANET-20140617;TeliaSonera AB TELIANET-BLK 
62.214.110.185;8881;VT-NETWORK;Versatel Deutschland Internet Services Versatel Deutschland 
83.167.55.12;8218;NEOT-BBONE-3;Neotelecoms Backbone 2 Neo Telecoms 
62.115.116.94;1299;EU-TELIANET-20140617;TeliaSonera AB TELIANET-BLK 
62.115.116.96;1299;EU-TELIANET-20140617;TeliaSonera AB TELIANET-BLK 
129.250.5.40;-2;unknown;unknown
212.113.66.5;9166;HOSTIT-BE-BACKBONE;Backbone INFRA-AW Cegeka Hasselt Datacenter 
62.115.134.67;1299;EU-TELIANET-20130924;TeliaSonera AB TELIANET-BLK 
62.245.130.205;8767;DE-MNET-20001003;M-net Telekommunikations GmbH DE-MNET-20001003 
217.174.157.31;-2;Balkan-Internet-Exchange;Balkan Internet Exchange Ltd 
37.49.236.10;57734;FRANCEIX-PARIS-PEERING;FranceIX Paris Peering LAN FranceIX Services 
93.176.95.161;31027;nianet_core_block_2;nianet a/s nianet a/s 
10.97.240.102;-1;private;private
10.10.10.254;-1;private;private
89.149.185.142;3257;NACNET-EU;Tinet Spa Tinet SpA 
10.97.240.106;-1;private;private
80.91.247.127;1299;TELIA-TIC-NET-1;Telia International Carrier AS1299 Backbone TELIANET-BLK 
184.105.213.177;-2;unknown;unknown
80.77.16.73;34549;LAXIN-NET-1;Laxin IT-Services Network meerfarbig GmbH & Co. KG 
81.20.64.249;-2;VERIO-ES;Verio ES madrid facility 
77.232.240.1;42102;DE-LR-NETCON-20061218;L&R Network Consulting LRNC-NET01-OF 
147.229.253.180;197451;VUTBRNET;Brno University of Technology VUTBR-NET4 
89.149.185.89;3257;NACNET-EU;Tinet Spa Tinet SpA 
62.115.135.112;1299;EU-TELIANET-20130924;TeliaSonera AB TELIANET-BLK 
184.105.81.77;-2;unknown;unknown
154.54.30.53;-2;unknown;unknown
130.117.49.137;-2;unknown;unknown
154.54.77.246;-2;unknown;unknown
198.71.45.13;-2;unknown;unknown
154.25.3.10;-2;unknown;unknown
5.22.150.89;196763;RZ-GEIB-TRANSFER-1;Geib IT GmbH SKYWAY-IGB-1 
213.155.130.127;1299;TELIANET;TeliaSonera International Carrier AS1299 Backbone TELIANET-BLK 
213.155.130.125;1299;TELIANET;TeliaSonera International Carrier AS1299 Backbone TELIANET-BLK 
213.255.14.65;8968;ALBAN1;Albacom BB infrastructure - AlbaIP BT Italia (formerly Albacom) 
82.112.101.73;-2;VERIO-UK-INFRA;Verio UK london facility 
130.117.2.65;-2;unknown;unknown
195.2.25.69;1273;CW-CUST-PTP-NET;Customer PtP BKL Cable & Wireless Austria Netblock 
154.54.39.17;-2;unknown;unknown
184.105.80.129;-2;unknown;unknown
212.80.160.149;12541;BTIGS-INTERN-NET;BT IGS AS12541 Infrastructure BT IGS Allocated block 1 
10.0.242.213;-1;private;private
89.149.185.66;3257;NACNET-EU;Tinet Spa Tinet SpA 
80.91.248.254;1299;TELIA-TIC-NET-1;Telia International Carrier AS1299 Backbone TELIANET-BLK 
154.54.31.189;-2;unknown;unknown
91.109.120.3;58308;CUSAE;Cusae Cusae cidr block 
154.54.57.69;-2;unknown;unknown
195.245.142.113;9186;PT-ONITELECOM-19990318;ONITELECOM - INFOCOMUNICACOES, S.A. Provider Local Registry ONITELECOM IP Address 
85.88.20.59;33984;DE-SURFPLANET-20040923;Surfplanet GmbH Surfplanet GmbH PA-Block 
91.109.120.4;58308;CUSAE;Cusae Cusae cidr block 
193.43.34.30;12835;ITEA-WAN;ISTITUTO TRENTINO PER L'EDILIZIA ABITATIVA SPA ITEA-WAN 
178.16.212.58;50989;SE-SITABINFRA-LINKNET-1;SITAB Infra Linknets - 1 SITAB Infra aggregated route 
154.54.0.237;-2;unknown;unknown
198.27.73.30;-2;unknown;unknown
130.117.3.169;-2;unknown;unknown
129.250.2.4;-2;unknown;unknown
78.5.223.137;8968;DBLK;ANIMA SGR BT Italia (formerly Albacom) 
130.152.181.189;-2;unknown;unknown
149.6.134.205;-2;unknown;unknown
185.66.148.253;3212;TELEMACH-NET;Broadband Network Services Telemach, Communication Services, d.o.o. Cesta Ljubljanske brigade 21, Ljubljana, Slovenia TELEMACH-SI-185.66.148 TELEMACH, Provider Aggregated Block TELEMACH, Provider Aggregated Block 
62.154.10.129;3320;DTAG-BB16;Deutsche Telekom AG Deutsche Telekom AG, Internet service provider 
213.155.135.7;1299;TELIANET;TeliaSonera International Carrier AS1299 Backbone TELIANET-BLK 
195.88.109.2;57407;CKSOFT-DE-LAN;CK Software GmbH CKSOFT-DE-LAN 
46.31.104.114;197075;ACTIVENETWORK;Active Network S.p.A. Active Network S.p.A. 
109.74.148.213;29405;SK-VNET;VNET a.s. VNET a.s. 
130.206.245.2;766;REDIRIS;Entidad Publica Empresarial Red.es RedIRIS Spanish National R&D Network Madrid, Spain RedIRIS 
78.152.34.29;5580;ATRATOIP-537;Assigned to customer_id r1.ams1.nl - r1.fra2.de AS5580 
80.188.119.198;5610;DYKASRO;Velka Dobra,27361 CZ.CZNET 
172.25.71.165;-1;private;private
89.149.185.6;3257;NACNET-EU;Tinet Spa Tinet SpA 
217.156.113.90;20530;ANISP-NET;ASOCIATIA NATIONALA A INTERNET SERVICE PROVIDERILOR DIN ROMANIA Bd.NATIUNILE UNITE NR.1 BL.108A ET.1, Sector 5, BUCURESTI Romania ANISP 
10.32.128.83;-1;private;private
94.124.104.69;42000;KAORACZ-NET-INFRASTRUCTURE;Network infrastructure of Kaora, s.r.o. Kaora, s.r.o. 
213.155.131.52;1299;TELIANET;TeliaSonera International Carrier AS1299 Backbone TELIANET-BLK 
88.200.2.46;2107;ARNES-NET;ARNES Ljubljana Slovenia ARNES-ID 64 ARNES provider block Academic and Research Network of Slovenia Ljubljana Slovenia 
185.48.116.33;51862;PROFITBRICKS-MANAGEMENT-FRA1;ProfitBricks Management Frankfurt 1 PROFITBRICKS-ROUTE 
62.168.204.253;31055;CONSULT;Consultix GmbH Consultix GmbH 
194.177.44.136;30889;LU-EUROPEONLINE-990603;Waycom International SARL WAYCOM-NET-4 Waycom network 4 
80.81.192.172;6695;DE-CIX-FRA-IXP;DE-CIX Frankfurt IXP DE-CIX, the German Internet Exchange DE-CIX, the German Internet Exchange 
172.22.1.127;-1;private;private
185.14.129.1;199441;COSIUM-NET2;Cosium IPv4 network 2 EQX2 specific route 
62.115.135.100;1299;EU-TELIANET-20130924;TeliaSonera AB TELIANET-BLK 
192.167.209.1;137;UNIFENET;Universit  degli Studi di Ferrara GARR routes 
84.233.218.186;8928;IP-UK-GLOBAL-SWITCH-POP-NETS;Interoute GlobalSwitch POP Interoute Telecommunications (UK) Ltd 
184.105.81.49;-2;unknown;unknown
185.18.57.249;34524;DIGICOM-NET;Digital Communications Ltd. DigiCom.BG 
83.141.1.201;29551;AIX-TN-1;Aixit GmbH Transfernet DE-HGC-20040908 
213.155.136.84;1299;TELIANET;TeliaSonera International Carrier AS1299 Backbone TELIANET-BLK 
80.255.15.205;33891;CORE-BACKBONE-INFRA3;Core-Backbone GmbH Infrastructure, Routing, Customer CORE-BACKBONE Core-Backbone-Net-3 
10.210.80.2;-1;private;private
151.6.2.54;1267;IUNET-BNET6;IUnet Via Lorenteggio 257 Milano, I-20100 INFOSTRADA 
62.80.99.5;13237;euNServices;euNetworks Services GmbH Customer link/transit/etc. AS13237 International 
85.31.195.205;30781;FR-JAGUAR-INFRA-1;Jaguar Network FR.JAGUAR LIR Range 
184.105.222.137;-2;unknown;unknown
151.6.2.50;1267;IUNET-BNET6;IUnet Via Lorenteggio 257 Milano, I-20100 INFOSTRADA 
193.253.91.222;-2;RBCI;France Telecom IP backbone 
194.199.241.1;2200;FR-APM;Assistance Publique Hopitaux de Marseille RENATER FRANCE 
141.136.105.65;3257;NACNET-EU;Tinet International Network Hugenottenalle 167 63263 Neu-Isenburg Tinet SpA 
184.105.222.138;-2;unknown;unknown
80.70.190.2;34372;NN-VEGA-CORE;VegaSystems Core VEGASYSTEMS-NET-1 
31.24.168.1;197729;TWENTYONE-NET;21Cloud GmbH Infrastructure network 21Cloud GmbH 
149.11.122.57;-2;unknown;unknown
80.70.190.1;34372;NN-VEGA-CORE;VegaSystems Core VEGASYSTEMS-NET-1 
84.46.112.193;15943;WILHELM_TEL_NET;ROUTING INTERN wilhelm.tel GmbH Heidbergstrasse 101-111 D-22846 Norderstedt wilhelm.tel GmbH 
84.46.112.197;15943;WILHELM_TEL_NET;ROUTING INTERN wilhelm.tel GmbH Heidbergstrasse 101-111 D-22846 Norderstedt wilhelm.tel GmbH 
62.81.76.201;6739;ONO;ONO MADRID - BASAURI  Spain Ono www.ono.es CABLEUROPA S.A.U C/ Emisora, 20 28224 Pozuelo de Alarc n Madrid SPAIN Ono www.ono.es CABLEUROPA S.A.U C/ Emisora, 20 28224 Pozuelo de Alarc n Madrid SPAIN 
193.203.0.185;1120;VIX;ACONET VIX 
93.190.67.25;47215;FILOO-NET;Filoo GmbH global route for Filoo GmbH 
193.251.133.9;5511;OPENTRANSIT-BACKBONE;France Telecom Long Distance 61, rue des Archives, 75003 Paris France Telecom OPENTRANSIT 
154.54.5.82;-2;unknown;unknown
81.52.186.121;-2;OPENTRANSIT-BACKBONE;France Telecom Long Distance 61, rue des Archives, 75003 Paris 
185.17.116.3;38952;AAA-POPTAVKA-CZ;MAFRA, a.s. MAFRA-NET 
137.164.23.226;-2;unknown;unknown
130.117.48.81;-2;unknown;unknown
212.123.123.225;15598;IP-PARTNER;IP Exchange GmbH Am Tower 5 90475 Nuernberg IP Exchange GmbH / IP Partner AG 
193.107.56.126;50535;EUSKILL-NET;Euskill SARL AS50535 
185.27.182.1;60664;XION-NET-BERLIN;x-ion gmbh x-ion gmbh berlin 
154.54.3.93;-2;unknown;unknown
10.128.0.1;-1;private;private
213.161.2.3;3212;SIBONE;Triera Internet Broadband Network Services Triera Internet Broadband Network Services http 
129.250.4.37;-2;unknown;unknown
91.185.198.1;41828;SI-TUSMOBIL-DNSERV-NET-1;HOSTKO D.O.O. VOSNJAKOVA ULICA 11 PTUJ TUSMOBIL d.o.o. 
141.136.111.21;3257;NACNET-EU;Tinet International Network Hugenottenalle 167 63263 Neu-Isenburg Tinet SpA 
178.249.80.2;21161;BECHTLEAG-RZNSU1;Bechtle AG, Neckarsulm DE Bechtle AG, Neckarsulm DE 
78.111.70.53;33984;Surfplanet;Colocation Customers Surfplanet GmbH PA-Block 
213.148.139.254;20676;QSC-IGP-4;QSC AG Internal Network Infrastructure QSC AG 
89.185.58.66;8426;CLARANET-FRANCE-NETS;Claranet France NOC and Customer Network CLARAFR-AGG3 
217.19.158.225;28716;RETELIT;Retelit Spa Retelit Spa 
62.214.106.57;8881;VT-NETWORK;Versatel Deutschland Internet Services Versatel Deutschland 
149.6.32.41;-2;unknown;unknown
62.214.106.53;8881;VT-NETWORK;Versatel Deutschland Internet Services Versatel Deutschland 
62.115.140.211;1299;EU-TELIANET-20130924;TeliaSonera AB TELIANET-BLK 
62.115.138.173;1299;EU-TELIANET-20130924;TeliaSonera AB TELIANET-BLK 
154.54.25.90;-2;unknown;unknown
149.6.32.49;-2;unknown;unknown
86.50.160.4;1741;CSC-DCNET-INFRA;CSC Kajaani Data Center - Infra Networks FUNET-BLOCK 
62.115.138.175;1299;EU-TELIANET-20130924;TeliaSonera AB TELIANET-BLK 
193.242.98.130;13041;CATNIX-NET;Consorci de Serveis Universitaris de Catalunya CATalonia Neutral Internet eXchange 
130.117.1.221;-2;unknown;unknown
89.149.183.146;3257;NACNET-EU;Tinet Spa Tinet SpA 
146.172.82.89;2119;NORTELE-I;Telenor Norge AS TELENOR-INTERNET Telenor Networks AS, Norway 
62.115.113.170;1299;EU-TELIANET-20140617;TeliaSonera AB TELIANET-BLK 
80.94.64.133;5580;ATRATOIP-2693;Assigned to customer_id r1.dus1.de - edge1.fra6.de AS5580 - ams5.nl 
62.214.35.17;8881;VT-NETWORK;Versatel Deutschland Internet Services Versatel Deutschland 
62.214.105.74;8881;VT-NETWORK;Versatel Deutschland Internet Services Versatel Deutschland 
80.231.159.45;6453;Lisbon-PV9-TATAC;Customers access -30 and BB internal use TATA Communications 
62.40.98.48;21320;GEANT;IP allocation for GEANT network GEANT European Backbone GEANT European Backbone 
89.149.186.141;3257;NACNET-EU;Tinet Spa Tinet SpA 
212.98.126.1;42525;GLOBALCONNECT-NETWORK-4;IP-Network & IP-Transit GlobalConnect A/S Network 
184.105.223.161;-2;unknown;unknown
184.105.223.165;-2;unknown;unknown
46.28.104.10;197019;WEDOS-BACKBONE;WEDOS backbone network Hluboka nad Vltavou WEDOS Internet, a.s. 
72.52.92.45;-2;unknown;unknown
154.54.30.13;-2;unknown;unknown
81.52.63.246;-2;VPN-BACKBONE;Orange OLNC IBNF 
213.148.139.113;20676;QSC-IGP-4;QSC AG Internal Network Infrastructure QSC AG 
141.255.254.1;2107;SI-ARNES-20110706;ARNES ARNES Academic and Research Network of Slovenia ARNES provider block Academic and Research Network of Slovenia Ljubljana Slovenia 
212.74.74.17;-2;COLT-BB-US;COLT backbone Addresses in US 
62.204.193.2;15630;UNED;Universidad Nacional de Educacion a Distancia Madrid RedUNED 
80.87.211.37;35328;DSIDATA-WAN;INF, SK P2P DSiData SK 
84.39.111.241;48200;OPTEAMAX-TRANSFER;Opteamax GmbH Opteamax 
10.96.6.10;-1;private;private
81.201.48.154;8251;NFX-SITEL;PoP Sitel public infrastructure Neutral Free eXchange members 
130.0.72.202;42442;DE-ADACOR;Adacor Hosting GmbH Adacor Hosting GmbH 
37.60.167.189;199135;DK-SATCOM1-20120118;Satcom1 ApS Satcom1 IPv4 route 
213.155.135.225;1299;TELIANET;TeliaSonera International Carrier AS1299 Backbone TELIANET-BLK 
213.155.135.227;1299;TELIANET;TeliaSonera International Carrier AS1299 Backbone TELIANET-BLK 
62.115.143.194;1299;EU-TELIANET-20130924;TeliaSonera AB TELIANET-BLK 
85.91.0.216;34245;IE-MAGNET-1;Magnet Networks Magnet Networks 
5.150.143.177;5602;K-TE12-TECNOSERVIZISASDIMARTINELLIPAOLOC;TECNOSERVIZI SAS DI MARTINELLI PAOLO & C. ROVERETO MO KPNQwest Italia SpA netblock 
80.78.16.1;42732;OXIEPARABOLEN-NET;TELEPORT NETWORK Oxieparabolen AB 
185.132.72.49;198507;NET-QUANTIC-TELECOM-IPV4-B1;Quantic Telecom Bloc 1 Route to Quantic Telecom 
154.25.3.213;-2;unknown;unknown
46.255.176.17;8218;NEOT-INTERCO;Neo Telecoms IP backbone Neo Telecoms 
217.17.192.29;15725;IKS-EVENT;Hotspot for on demand events IKS Service GmbH Leutragraben 1 07743 Jena DE-IKS-JENA 
154.25.3.217;-2;unknown;unknown
84.46.112.69;15943;WILHELM_TEL_NET;ROUTING INTERN wilhelm.tel GmbH Heidbergstrasse 101-111 D-22846 Norderstedt wilhelm.tel GmbH 
154.25.4.177;-2;unknown;unknown
84.46.112.65;15943;WILHELM_TEL_NET;ROUTING INTERN wilhelm.tel GmbH Heidbergstrasse 101-111 D-22846 Norderstedt wilhelm.tel GmbH 
217.71.103.61;13237;LNC-DE-CUSTOMERLINKS3;Point-to-Point for German Customers LambdaNet Communications Germany LambdaNet Backbone 
212.123.123.130;15598;IP-PARTNER;IP Exchange GmbH Am Tower 5 90475 Nuernberg IP Exchange GmbH / IP Partner AG 
130.117.48.70;-2;unknown;unknown
10.94.205.1;-1;private;private
194.79.53.72;38952;MAFRA-CZ;MAFRA, a.s. MAFRA 
194.145.124.146;9182;COMSPACE-NET;COMSPACE GmbH & Co KG Elsa-Braendstroem-Str. 2-4, 33602 Bielefeld (GE) COMSPACE-NET-II 
89.187.142.2;35592;COOLHOUSING-VPS;Virtual Private Servers for Customers Network of Coolhousing 
154.25.8.169;-2;unknown;unknown
141.136.108.46;3257;NACNET-EU;Tinet International Network Hugenottenalle 167 63263 Neu-Isenburg Tinet SpA 
129.250.5.12;-2;unknown;unknown
62.115.115.231;1299;EU-TELIANET-20140617;TeliaSonera AB TELIANET-BLK 
193.201.28.59;24796;NAMEX-IXP;NAMEX CONSORZIO NaMeX peering subnet NaMeX Nautilus Mediterranean Exchange Point Via dei Tizi 6/b 00185, Rome - Italy 
80.87.217.249;35328;DSIDATA-WAN;PPPoE users DSiData SK 
185.32.189.254;62416;PT-PTSERVIDOR;Sampling Line, Lda - PTServidor  ******************************************************** * In case of issues related with SPAM, DDoS, portscans * or others, feel free to contact us with relevant info * abuse@ptservidor.pt ********************************************************  Sampling Line, Lda - PTServidor 
93.92.154.1;44567;COMPU-FARM;Egontek Network Services Compu Survey IPv4 
154.54.29.201;-2;unknown;unknown
62.115.137.64;1299;EU-TELIANET-20130924;TeliaSonera AB TELIANET-BLK 
129.250.3.207;-2;unknown;unknown
93.176.95.159;31027;nianet_core_block_2;nianet a/s nianet a/s 
81.92.165.253;21385;TRUSTNET-DMZ;Trusted Network GmbH Max-Planck-Str. 1 85716 Unterschleissheim Trusted Network GmbH 
137.164.26.200;-2;unknown;unknown
62.115.142.75;1299;EU-TELIANET-20130924;TeliaSonera AB TELIANET-BLK 
154.54.5.66;-2;unknown;unknown
89.149.185.118;3257;NACNET-EU;Tinet Spa Tinet SpA 
212.223.156.13;8741;DE-RAK-980824;Ratiokontakt GmbH ratiokontakt GmbH 
212.63.130.113;8741;GO-ONLINE-NET;Go Online AG Robert-Bosch-Str. 17a 63477  Maintal ratiokontakt GmbH 
94.155.94.252;9070;BG-ITD-20080821;"Coolbox" AD ITD Network - PA Address space 
86.50.160.0;1741;CSC-DCNET-INFRA;CSC Kajaani Data Center - Infra Networks FUNET-BLOCK 
149.14.136.1;-2;unknown;unknown
194.62.23.1;48200;OPTEAMAX-INFRA;Opteamax GmbH In case of abuse please contact abuse@opteamax.de Opteamax 
193.159.167.73;3320;DTAG-TRANSIT16;Deutsche Telekom AG for IP-Transit Deutsche Telekom AG, Internet service provider 
80.231.158.30;6453;Lisbon-PV9-TATAC;Customers access -30 and BB internal use TATA Communications 
212.74.85.227;-2;COLT-BB-CORE;CORE-018 
206.223.116.37;-2;unknown;unknown
78.152.44.242;5580;ATRATOIP-2633;Assigned to customer_id core1.lon2.uk <> core1.par2.uk AS5580 
185.31.3.1;34274;ALFAINFO;Hosting services for alfainfo Routing ALFAINFO via ELB 
89.149.128.218;3257;NACNET-EU;Tinet International Network Hugenottenalle 167 63263 Neu-Isenburg Tinet SpA 
37.128.137.62;12835;TNNET-BB-PRIMARY;TNNET-PATNET Trentino Network srl 
184.105.81.82;-2;unknown;unknown
212.4.152.98;12570;SELFNET-CZ;Self Servis Ltd. CZECHBONE 
89.149.128.210;3257;NACNET-EU;Tinet International Network Hugenottenalle 167 63263 Neu-Isenburg Tinet SpA 
213.155.130.20;1299;TELIANET;TeliaSonera International Carrier AS1299 Backbone TELIANET-BLK 
195.2.9.121;1273;CW-CWINTERN-NET;Cable & Wireless Cable & Wireless Austria Netblock 
62.115.53.193;1299;EU-TELIANET-20140617;TeliaSonera AB TELIANET-BLK 
193.178.60.17;31337;SE-ELEET;ELEET Networks ELEET Networks ELEET Network 
62.168.193.13;31055;CONSULT;Consultix GmbH Consultix GmbH 
89.149.184.205;3257;NACNET-EU;Tinet Spa Tinet SpA 
130.149.126.86;680;TUB;TU Berlin, campus network TUB TUB 
151.6.2.94;1267;IUNET-BNET6;IUnet Via Lorenteggio 257 Milano, I-20100 INFOSTRADA 
78.136.109.169;29119;ES-SERVIHOSTING-20070507;ServiHosting Networks S.L. ServiHosting Networks S.L. Allocation for Sevilla Network 
166.49.243.129;5400;BT-IGNITE-GLOBAL-BACKBONE;Communications Networking Services 81 Newgate Street London EC1A 7AJ BT Global Networks 
130.149.126.89;680;TUB;TU Berlin, campus network TUB TUB 
129.250.2.207;-2;unknown;unknown
87.238.185.2;39257;INTERACTIVE-DECIX;Interactive Network Communications Interactive Network Communications GmbH 
87.238.185.3;39257;INTERACTIVE-DECIX;Interactive Network Communications Interactive Network Communications GmbH 
80.172.230.129;8426;PT-VISUALFUSION;Visual-Fusion ***************************************** * please send abuse or spam complains to * abuse@visual-fusion.com ***************************************** Claranet Portugal Lisboa, Portugal Claranet Portugal Lisboa, Portugal 
193.145.14.138;766;REDIMadrid;Fundacion MADRIMASD para el Conocimiento It is a nonprofit organisation whose purpose is to contribute to the social benefit of science and technology, Madrid RedIRIS Provider Block 
84.17.108.1;33940;DE-WICHMANN-20040726;Wichmann Internet Services GmbH WICHMANN-BS 
10.253.4.22;-1;private;private
213.155.131.83;1299;TELIANET;TeliaSonera International Carrier AS1299 Backbone TELIANET-BLK 
154.25.9.1;-2;unknown;unknown
85.91.0.235;34245;IE-MAGNET-1;Magnet Networks Magnet Networks 
62.115.116.70;1299;EU-TELIANET-20140617;TeliaSonera AB TELIANET-BLK 
85.91.0.233;34245;IE-MAGNET-1;Magnet Networks Magnet Networks 
193.188.137.175;-2;BIX;Council of Hungarian Internet Providers 1132 Budapest Victor Hugo u. 18-22. 
89.251.238.73;30892;ES-ELTEC-20060920;T-Systems ITC Iberia S.A.U. T-Systems Iberia IP Backbone 
130.117.48.213;-2;unknown;unknown
130.117.48.210;-2;unknown;unknown
130.117.2.229;-2;unknown;unknown
151.248.48.21;59547;SYNTIGO_NET01;Syntigo S.A./N.V. SYNTIGO_BLOCK01 
46.31.42.65;44141;DEVCLIC-AMEOS-INTERCO;Interconnection Ameos - Devclic Devclic 
72.52.92.38;-2;unknown;unknown
109.68.160.13;39923;BE-UNIXSOLUTIONS-INFRA;Unix-Solutions USDC Infrastructure Unix-Solutions BVBA 
192.168.1.4;-1;private;private
46.245.208.34;61194;BRSL-IPV4-INFRA-BLK1;Network Recovery IE-NETWORKRECOVERY-20110203 
193.19.136.2;49866;LOOPBACK-FI-1;Loopback Oy FI-LOOPBACK-NET 
10.0.5.7;-1;private;private
154.54.44.141;-2;unknown;unknown
130.117.49.73;-2;unknown;unknown
129.250.3.155;-2;unknown;unknown
84.39.111.197;48200;OPTEAMAX-TRANSFER;Opteamax GmbH Opteamax 
184.105.80.26;-2;unknown;unknown
154.25.6.217;-2;unknown;unknown
62.115.138.29;1299;EU-TELIANET-20130924;TeliaSonera AB TELIANET-BLK 
130.117.51.77;-2;unknown;unknown
109.68.160.109;39923;BE-UNIXSOLUTIONS-INFRA;Unix-Solutions USDC Infrastructure Unix-Solutions BVBA 
184.105.222.109;-2;unknown;unknown
192.228.79.201;-2;unknown;unknown
80.81.203.55;6695;DE-CIX-HH-IXP;DE-CIX Management GmbH work-ix, Hamburg DE-CIX, the German Internet Exchange DE-CIX, the German Internet Exchange 
81.255.42.190;3215;FR-RESEAU-CONCEPT;RESEAU CONCEPT ORANGE BUSINESS SERVICES 
172.29.10.254;-1;private;private
10.123.74.202;-1;private;private
62.220.166.197;29518;FOUREDGE-NET-SE;Fouredge Stockholm BREDBAND2-BLK 
63.223.13.86;-2;unknown;unknown
80.91.250.160;1299;TELIA-TIC-NET-1;Telia International Carrier AS1299 Backbone TELIANET-BLK 
46.28.107.1;197019;WEDOS-DEDICATED;WEDOS dedicated servers Hluboka nad Vltavou WEDOS Internet, a.s. 
87.236.193.2;35592;COOLHOUSING-NET;Coolhousing, s.r.o. Network of Coolhousing 
154.54.31.89;-2;unknown;unknown
129.250.4.96;-2;unknown;unknown
206.24.139.17;-2;unknown;unknown
213.204.179.65;2119;INVID;Invid Vasteras Tiscali AB Telenor Sverige AB 
85.91.7.194;34245;MAGNET-OFFICE-NET;Magnet Networks Corporate Network Magnet Networks 
195.2.10.25;1273;CW-CWINTERN-NET;Cable & Wireless Cable & Wireless Austria Netblock 
10.10.10.222;-1;private;private
87.238.191.1;39257;INTERACTIVE-CLOUDCOMPUTINGCUSTOMERS;Interactive Network Communications Interactive Network Communications GmbH 
89.184.134.56;39642;DK-SYD-ENERGI-NETWORK;Syd Energi Network Infrastructure SYD ENERGI A/S 
184.105.223.201;-2;unknown;unknown
154.54.36.222;-2;unknown;unknown
192.168.1.1;-1;private;private
198.27.73.194;-2;unknown;unknown
198.27.73.192;-2;unknown;unknown
198.27.73.190;-2;unknown;unknown
129.250.3.193;-2;unknown;unknown
172.29.248.3;-1;private;private
46.31.40.34;44141;DEVCLIC-RBB;Devclic Network Infrastructure Devclic 
84.91.0.193;13156;PT-CABOVISAO-20040512;Cabovisao, televisao por cabovisao, sa Cabovisao SA - Internet Provider 
91.184.204.126;35432;NQCONTENT-NET;NQCONTENT Infrastructure WAVESPEED 
129.250.4.62;-2;unknown;unknown
193.200.182.193;42970;MEZCALITO;MEZCALITO SARL Mezcalito Mezcalito 
192.168.2.1;-1;private;private
154.54.56.174;-2;unknown;unknown
87.128.232.233;3320;DTAG-TRANSIT18;Deutsche Telekom AG for IP-Transit Deutsche Telekom AG, Internet service provider 
80.91.253.122;1299;TELIA-TIC-NET-1;Telia International Carrier AS1299 Backbone TELIANET-BLK 
77.70.145.1;5377;FR-ASTRIUM-AUS-POP-1;Aussaguel D'Issus POP FR-ASTRIUM-AUS-POP-1 
149.6.135.97;-2;unknown;unknown
146.172.99.210;2119;NORTELE-I;Telenor Norge AS TELENOR-INTERNET Telenor Networks AS, Norway 
185.103.112.1;28941;IT-NOVANETWORKS-20150608;NOVA NETWORKS S.R.L. NOVA Networks 1st network 
62.115.116.88;1299;EU-TELIANET-20140617;TeliaSonera AB TELIANET-BLK 
192.168.0.1;-1;private;private
78.109.59.81;196763;SKYWAY-NET-BB-1;SKYWAY Network Backbone 1 KEY-SYSTEMS-PA-2 
130.117.1.217;-2;unknown;unknown
195.137.191.77;35684;v4-UG-NET;Uwe Grohnwaldt 195-137-191-0--24-route 
62.115.116.87;1299;EU-TELIANET-20140617;TeliaSonera AB TELIANET-BLK 
194.9.117.51;9033;ECIX-BERLIN-LAN;Peering GmbH European Commercial Internet Exchange Peering LAN Berlin, Germany Peering LAN ECIX-BER European Commercial Internet Exchange 
206.72.210.122;-2;unknown;unknown
151.6.165.72;1267;IUNET-BNET6;IUnet Via Lorenteggio 257 Milano, I-20100 INFOSTRADA 
154.54.38.57;-2;unknown;unknown
217.71.104.189;13237;LNC-DE-CUSTOMERLINKS2;Point-to-Point for German Customers LambdaNet Communications Deutschland AG LambdaNet Backbone 
193.168.50.30;34749;FR-GLOBAL-ASP-20050329;GLOBAL SERVICE PROVIDER S.A. Global Service Provider 
129.250.4.107;-2;unknown;unknown
81.173.192.62;8422;NETCOLOGNE;NetCologne Infrastructure Am Coloneum 9 D-50829 Koeln NetCologne PA space 
154.54.39.150;-2;unknown;unknown
217.19.158.93;28716;RETELIT;Retelit Spa Retelit Spa 
62.115.135.114;1299;EU-TELIANET-20130924;TeliaSonera AB TELIANET-BLK 
185.7.253.129;61189;EE-ELKDATA;Elkdata Virtual Servers Elkdata primary housing 
62.115.135.106;1299;EU-TELIANET-20130924;TeliaSonera AB TELIANET-BLK 
184.105.213.101;-2;unknown;unknown
213.224.31.97;6848;TELENET;iFiber PA range This space is statically assigned TELENET 
195.245.190.225;9186;PT-ONITELECOM-19990318;ONITELECOM - INFOCOMUNICACOES, S.A. Provider Local Registry Edinet/E3G IP space 
10.153.190.1;-1;private;private
130.117.49.121;-2;unknown;unknown
154.25.2.169;-2;unknown;unknown
62.169.33.1;28831;PHOENIX-NET;Phoenix Informatica srl NetRegister Registration System Internet Service Provider, Italy PHOENIX INFORMATICA SRL 
89.149.181.234;3257;NACNET-EU;Tinet International Network Hugenottenalle 167 63263 Neu-Isenburg Tinet SpA 
151.248.53.252;59547;ESSERS-NETS;Internet Access H.Essers SYNTIGO_BLOCK01 
154.54.30.65;-2;unknown;unknown
129.250.5.197;-2;unknown;unknown
217.13.48.45;31221;FR-EUCLYDE-20021128;euclyde Euclyde Hosting 
129.250.2.62;-2;unknown;unknown
83.145.236.54;29422;NEBULA-PEER8;Nebula - Capnova peering FI-NBLNETWORKS-20040202 
129.250.5.198;-2;unknown;unknown
82.195.67.254;8365;DE-MANDA-INFRA-V4-01;MANDA Infrastructure MANDA 
10.255.49.94;-1;private;private
151.6.2.6;1267;IUNET-BNET6;IUnet Via Lorenteggio 257 Milano, I-20100 INFOSTRADA 
62.115.112.125;1299;EU-TELIANET-20140617;TeliaSonera AB TELIANET-BLK 
195.2.25.78;1273;CW-CUST-PTP-NET;Customer PtP BKL Cable & Wireless Austria Netblock 
154.25.3.229;-2;unknown;unknown
81.55.52.173;25186;TRANSIT-VPN;PE-CE internet interconnexions re-numbering operation France Telecom Transpac Transit VPN network 
89.28.136.98;41307;TELEPARK-NET-AS41307;Telepark Passau GmbH Regensburgerstrasse 29 94036 Passau Telepark Passau GmbH 
89.149.128.246;3257;NACNET-EU;Tinet International Network Hugenottenalle 167 63263 Neu-Isenburg Tinet SpA 
193.251.128.250;5511;OPENTRANSIT-BACKBONE;France Telecom Long Distance 61, rue des Archives, 75003 Paris France Telecom OPENTRANSIT 
5.196.77.253;16276;FR-OVH-20120823;OVH SAS OVH 
154.54.44.161;-2;unknown;unknown
198.71.46.174;-2;unknown;unknown
154.54.44.165;-2;unknown;unknown
89.149.185.54;3257;NACNET-EU;Tinet Spa Tinet SpA 
149.6.108.29;-2;unknown;unknown
72.52.92.213;-2;unknown;unknown
10.170.1.17;-1;private;private
46.16.72.2;51862;PROFITBRICKS-MANAGEMENT-1;ProfitBricks Management Karlsruhe 1 PROFITBRICKS-ROUTE 
198.27.73.28;-2;unknown;unknown
213.155.135.5;1299;TELIANET;TeliaSonera International Carrier AS1299 Backbone TELIANET-BLK 
46.245.208.238;61194;BRSL-IPV4-INFRA-BLK1;Network Recovery IE-NETWORKRECOVERY-20110203 
82.195.73.62;8365;DA-FREIFUNK-DARMSTADT-NET-01;Chaos Darmstadt e.V. MANDA 
62.115.135.116;1299;EU-TELIANET-20130924;TeliaSonera AB TELIANET-BLK 
213.140.208.45;35432;NIC-WEST-INFRA-DMZ;Nicosia West Infrastructure and DMZ Wavespeed Route Object 
149.11.37.153;-2;unknown;unknown
217.71.104.29;13237;LNC-DE-CUSTOMERLINKS2;Point-to-Point for German Customers LambdaNet Communications Deutschland AG LambdaNet Backbone 
83.145.21.205;24862;SE-IP-ONLY-20040130;IP-Only Networks AB IP-ONLY 
37.25.57.147;57642;FR-ADENCF;FIGARO CLASSIFIEDS S.A. FIGARO CLASSIFIEDS S.A. 
62.214.105.22;8881;VT-NETWORK;Versatel Deutschland Internet Services Versatel Deutschland 
89.149.184.57;3257;NACNET-EU;Tinet Spa Tinet SpA 
141.136.109.1;3257;NACNET-EU;Tinet International Network Hugenottenalle 167 63263 Neu-Isenburg Tinet SpA 
165.254.21.242;-2;unknown;unknown
154.54.6.221;-2;unknown;unknown
193.178.185.34;16374;BCIX-NET;BCIX e.V. Berlin Commercial Internet Exchange 
154.54.27.161;-2;unknown;unknown
198.27.73.149;-2;unknown;unknown
154.25.8.221;-2;unknown;unknown
109.105.97.2;2603;NORDUNET-CORE;NORDUnet Core Backbone NORDUNET-CORE 
213.155.135.119;1299;TELIANET;TeliaSonera International Carrier AS1299 Backbone TELIANET-BLK 
129.250.3.20;-2;unknown;unknown
193.58.12.20;41008;BE-HOSTIT-19940711;Cegeka NV Cegeka Leuven Datacenter 
141.136.111.158;3257;NACNET-EU;Tinet International Network Hugenottenalle 167 63263 Neu-Isenburg Tinet SpA 
149.14.6.21;-2;unknown;unknown
172.16.12.1;-1;private;private
89.45.88.254;61958;ASIST-TELECOMMUNICATIONS-SRL;ASIST TELECOMMUNICATIONS SRL BULEVARD NICOLAE IORGA. NUMARUL 63 BLOC B13, SCARA B, PARTER VALENII DE MUNTE PRAHOVA 106400 ASIST TELECOMMUNICATIONS SRL 
94.199.192.172;48364;ACVYSKOV-NET;optical backbone Radim Pytela - AC Vyskov SLA1 
151.6.2.178;1267;IUNET-BNET6;IUnet Via Lorenteggio 257 Milano, I-20100 INFOSTRADA 
212.29.34.209;15763;DE-MKNET-990308;DOKOM Gesellschaft fuer Telekommunikation mbH DOKOM Gesellschaft fuer Telekommunikation mbH 
80.239.167.190;1299;FR-TELIANET;Provider TELIANET-BLK 
80.190.191.109;15598;LTD-INTERDOSE-NET-DE;Interdose Ltd. und Co. KG 69123 Heidelberg IP Exchange GmbH 
86.50.160.33;1741;CSC-DCNET-INFRA;CSC Kajaani Data Center - Infra Networks FUNET-BLOCK 
154.54.38.49;-2;unknown;unknown
193.253.15.237;-2;VPN-BACKBONE;France Telecom Transpac Gateways Routers 
185.5.109.41;34177;CELESTE-8;CELESTE internet services provider CELESTE Network #6 
154.54.26.165;-2;unknown;unknown
149.6.32.13;-2;unknown;unknown
141.136.109.73;3257;NACNET-EU;Tinet International Network Hugenottenalle 167 63263 Neu-Isenburg Tinet SpA 
184.105.80.149;-2;unknown;unknown
129.250.6.216;-2;unknown;unknown
149.11.0.49;-2;unknown;unknown
89.149.185.114;3257;NACNET-EU;Tinet Spa Tinet SpA 
82.98.102.2;12306;PL-VM-INFRA;Plus.line AG Mainzer Landstr. 199, 60326 Frankfurt am Main Plus.line AG 
62.40.98.109;21320;GEANT;IP allocation for GEANT network GEANT European Backbone GEANT European Backbone 
10.12.8.1;-1;private;private
89.149.186.2;3257;NACNET-EU;Tinet Spa Tinet SpA 
154.25.6.173;-2;unknown;unknown
5.175.255.130;12586;DE-GHOSTNET-FRA-SITES04;Network used for Infrastructure GHOSTnet GmbH IP Space 
89.149.186.9;3257;NACNET-EU;Tinet Spa Tinet SpA 
154.25.6.177;-2;unknown;unknown
212.43.193.198;8426;CLARANET-FRANCE-NETS;Claranet France NOC and Customer Network Access network (LL + NAS) CLARAFR-AGG1 
141.136.107.194;3257;NACNET-EU;Tinet International Network Hugenottenalle 167 63263 Neu-Isenburg Tinet SpA 
77.111.1.170;3212;TUSTELEKOM-SERVERS;For abuse please contact abuse@voljatel.si Voljatel Telekomunikacije d.d. For abuse please contact abuse@voljatel.si Telemach For abuse please contact abuse[at]telemach.si 
129.250.4.53;-2;unknown;unknown
195.248.74.161;198296;HBM-MUC-NET;Burda Digital Systems GmbH MUC-BURDADIGITAL-NET 
130.117.49.78;-2;unknown;unknown
83.167.55.22;8218;NEOT-BBONE-3;Neotelecoms Backbone 2 Neo Telecoms 
212.47.201.120;3327;LINX-DATA-BACKBONE;Linxtelecom Backbone Network Linxtelecom, 212.47.192/19 
184.105.223.241;-2;unknown;unknown
154.54.57.113;-2;unknown;unknown
80.91.251.98;1299;TELIA-TIC-NET-1;Telia International Carrier AS1299 Backbone TELIANET-BLK 
89.26.248.27;5626;PT-ONITELECOM-20060612;ONITELECOM - INFOCOMUNICACOES, S.A. ONITELECOM 
129.250.6.54;-2;unknown;unknown
195.22.9.174;8426;ESOTERICA;Claranet Portugal (formerly Esoterica, SA) Lisboa, Portugal Clara.net Portugal Lisboa, Portugal Clara.net Portugal Lisboa, Portugal 
62.214.106.101;8881;VT-NETWORK;Versatel Deutschland Internet Services Versatel Deutschland 
217.198.77.131;48220;SE-FE-DEN-20080909;Fouredge AB Fouredge AB 
80.91.252.103;1299;TELIA-TIC-NET-1;Telia International Carrier AS1299 Backbone TELIANET-BLK 
149.11.154.1;-2;unknown;unknown
130.117.0.141;-2;unknown;unknown
154.54.58.69;-2;unknown;unknown
213.155.137.59;1299;TELIANET;TeliaSonera International Carrier AS1299 Backbone TELIANET-BLK 
130.117.50.134;-2;unknown;unknown
62.214.110.45;8881;VT-NETWORK;Versatel Deutschland Internet Services Versatel Deutschland 
80.77.16.113;34549;LAXIN-NET-1;Laxin IT-Services Network meerfarbig GmbH & Co. KG 
151.6.5.89;1267;IUNET-BNET6;IUnet Via Lorenteggio 257 Milano, I-20100 INFOSTRADA 
78.110.224.66;43566;TYNTECNET;TynTec GmbH tyntec network 
62.214.110.41;8881;VT-NETWORK;Versatel Deutschland Internet Services Versatel Deutschland 
212.96.178.221;12570;CZECHBONE-CZ;CzechBone Ltd. Brno CZECHBONE 
129.250.3.179;-2;unknown;unknown
129.250.3.178;-2;unknown;unknown
62.214.110.49;8881;VT-NETWORK;Versatel Deutschland Internet Services Versatel Deutschland 
154.54.10.222;-2;unknown;unknown
154.25.8.101;-2;unknown;unknown
130.117.51.22;-2;unknown;unknown
80.87.211.1;35328;DSIDATA-WAN;INF, SK P2P DSiData SK 
130.244.39.146;1257;SE-SWIPNET-19940728;Swipnet backbone SWIPNET In case of improper use originating from our network, please mail customer or abuse@swip.net 
81.19.109.213;-2;EU-NTTEUROPE-20020128;NTT Europe Limited 
62.214.106.61;8881;VT-NETWORK;Versatel Deutschland Internet Services Versatel Deutschland 
128.241.2.153;-2;unknown;unknown
62.214.106.66;8881;VT-NETWORK;Versatel Deutschland Internet Services Versatel Deutschland 
62.40.98.16;21320;GEANT;IP allocation for GEANT network GEANT European Backbone GEANT European Backbone 
80.70.179.177;34372;NN-VEGA-OFFICE;VegaSystems Office VEGASYSTEMS-NET-1 
154.25.8.105;-2;unknown;unknown
149.11.12.21;-2;unknown;unknown
91.208.12.1;47537;WEEPEE;WeePee NV WEEPEE 
93.94.161.193;34749;VPN-1-GSP;GlobalSP VPN endpoint Global Service Provider 
62.115.113.164;1299;EU-TELIANET-20140617;TeliaSonera AB TELIANET-BLK 
147.229.252.82;197451;VUTBRNET;Brno University of Technology VUTBR-NET4 
89.37.120.193;39737;RO-VIPNET-20051129;Prime Telecom srl SC-NET-VISION-TELECOM-SRL 
185.22.223.33;60955;WAVECON-NET-1;Wavecon GmbH Routing WAVECON-NET-1 
87.234.14.37;20676;QSC-IGP-12;QSC AG Internal Network Infrastructure QSC AG 
195.43.163.6;5602;KPNQWEST-IT-NET03;KPNQwest Italia Network Milano ,Italy KPNQwest Italia S.p.a. netblock 
62.115.113.162;1299;EU-TELIANET-20140617;TeliaSonera AB TELIANET-BLK 
84.246.122.37;34568;DE-CONNECTINGBYTES-RIPE-ATLAS-23191;ConnectingBytes GmbH RIPE Atlas Probe # 23191 ConnectingBytes GmbH 
109.105.97.137;2603;NORDUNET-CORE;NORDUnet Core Backbone NORDUNET-CORE 
185.66.148.248;3212;TELEMACH-NET;Broadband Network Services Telemach, Communication Services, d.o.o. Cesta Ljubljanske brigade 21, Ljubljana, Slovenia TELEMACH-SI-185.66.148 TELEMACH, Provider Aggregated Block TELEMACH, Provider Aggregated Block 
154.25.9.17;-2;unknown;unknown
10.153.166.244;-1;private;private
217.71.96.89;13237;EU-LAMBDANET-CORE-DE-P2P-2;P2P between German Routers LambdaNet Communications Deutschland AG LambdaNet Backbone 
130.117.50.93;-2;unknown;unknown
62.78.107.176;16086;DNAP-080428;DNA Palvelut Oy Ansatie 6a B 01741 Vantaa DNA Oy 
193.108.193.254;21235;DE-ADVANCED-HAMBURG-20010607;ADVANCED Systemhaus GmbH ADVANCED Systemhaus GmbH, Hamburg 
109.105.97.142;2603;NORDUNET-CORE;NORDUnet Core Backbone NORDUNET-CORE 
147.229.3.2;197451;VUTBRNET;Brno University of Technology VUTBR-NET1 
94.135.173.249;8881;VT-TRANSFER-94-135-173;Versatel Deutschland Internet Services Versatel Deutschland 
184.105.223.250;-2;unknown;unknown
146.172.105.62;2119;NORTELE-I;Telenor Norge AS TELENOR-INTERNET Telenor Networks AS, Norway 
37.187.231.91;16276;OVH;OVH SAS Infrastructure OVH 
217.71.103.97;13237;LNC-DE-CUSTOMERLINKS3;Point-to-Point for German Customers LambdaNet Communications Germany LambdaNet Backbone 
129.250.3.120;-2;unknown;unknown
130.117.49.1;-2;unknown;unknown
212.85.145.106;29075;LOST-OASIS;Ielo Network Infrastructure http Ielo first Route 
185.43.176.1;62365;DE-YELLOWFOX-20131220;YellowFox GmbH YellowFox GmbH 
62.40.124.5;21320;GEANT;IP allocation for GEANT network infrastructure GEANT European Backbone GEANT European Backbone 
77.67.76.89;3257;NACNET-EU;Tinet International Network Hugenottenalle 167 63263 Neu-Isenburg Tinet SpA 
10.18.255.254;-1;private;private
184.105.80.97;-2;unknown;unknown
10.150.0.162;-1;private;private
154.54.56.129;-2;unknown;unknown
154.54.39.46;-2;unknown;unknown
185.15.28.129;61211;DATACROSS;Podatkovni centar Kriz d.o.o. Datacross 
90.147.80.46;137;GARRX-NET;GARR-X Backbone Consortium GARR GARR routes 
62.115.136.195;1299;EU-TELIANET-20130924;TeliaSonera AB TELIANET-BLK 
185.21.164.1;60351;GEIBIT-INFRASTRUCTURE-2;Infrastructure Network Geib IT GmbH Germany Geib IT GmbH 
130.117.1.157;-2;unknown;unknown
93.190.151.147;25409;ALSYS-INFRA;Infrastructure Alsys Group 
62.115.134.120;1299;EU-TELIANET-20130924;TeliaSonera AB TELIANET-BLK 
80.91.253.118;1299;TELIA-TIC-NET-1;Telia International Carrier AS1299 Backbone TELIANET-BLK 
154.54.10.42;-2;unknown;unknown
78.153.231.122;30781;FR-JAGUAR-INFRA-10;Jaguar Network FR.JAGUAR LIR Range 
178.32.135.149;16276;OVH;OVH SAS CDN infrastructures http OVH ISP 
62.115.116.92;1299;EU-TELIANET-20140617;TeliaSonera AB TELIANET-BLK 
88.80.0.65;33837;PRQ-NET-INT;PRQ - POP STH0 Internal network - Servers and infrastructure Periquito aggregated route 
212.126.220.13;5409;DE-PLANNET-990511;toplink GmbH DE-TOPLINK-MS4 
141.136.107.62;3257;NACNET-EU;Tinet International Network Hugenottenalle 167 63263 Neu-Isenburg Tinet SpA 
83.141.61.241;29551;PLANET-HOSTING-AMS-NET;Planet-Hosting DE-HGC-20040908 
93.94.131.34;44946;DGI-DUS1-IPTRANSIT-14;DG-i IP Transit 14 Dembach Goo Informatik GmbH 
212.18.7.63;8767;MNET;M-net Telekommunikations GmbH DE-MNET-980227 
129.250.5.22;-2;unknown;unknown
94.100.69.13;21413;DE-ENVIA-TEL-20080722;Envia Tel GmbH envia TEL GmbH 
195.2.10.90;1273;CW-CWINTERN-NET;Cable & Wireless Cable & Wireless Austria Netblock 
129.250.4.151;-2;unknown;unknown
184.105.80.21;-2;unknown;unknown
89.149.186.126;3257;NACNET-EU;Tinet Spa Tinet SpA 
10.0.200.66;-1;private;private
89.149.186.122;3257;NACNET-EU;Tinet Spa Tinet SpA 
84.91.0.205;13156;PT-CABOVISAO-20040512;Cabovisao, televisao por cabovisao, sa Cabovisao SA - Internet Provider 
213.255.9.24;8968;ALBAN1;Albacom BB infrastructure - AlbaIP BT Italia (formerly Albacom) 
154.25.1.113;-2;unknown;unknown
154.25.8.237;-2;unknown;unknown
193.189.82.134;-2;DE-GHOSTNET-20050426;GHOSTnet GmbH 
154.25.2.133;-2;unknown;unknown
154.54.37.225;-2;unknown;unknown
46.255.177.16;8218;NEOT-INTERCO;Neo Telecoms IP backbone Neo Telecoms 
213.155.135.151;1299;TELIANET;TeliaSonera International Carrier AS1299 Backbone TELIANET-BLK 
154.54.56.93;-2;unknown;unknown
90.147.80.82;137;GARRX-NET;GARR-X Backbone Consortium GARR GARR routes 
91.121.128.91;16276;OVH;OVH SAS Network infrastructure http OVH ISP Paris, France 
193.206.128.69;137;GARRB-NET;GARR-B Backbone and POPs GARR routes 
91.121.128.93;16276;OVH;OVH SAS Network infrastructure http OVH ISP Paris, France 
81.201.48.125;8251;NFX-SITEL;PoP Sitel public infrastructure Neutral Free eXchange members 
62.115.115.229;1299;EU-TELIANET-20140617;TeliaSonera AB TELIANET-BLK 
129.250.2.12;-2;unknown;unknown
93.190.64.3;47215;FILOO-NET;Filoo GmbH global route for Filoo GmbH 
91.210.16.201;-2;NIX-CZ-PEERING-NET;NIX.CZ z.s.p.o. 
154.54.44.169;-2;unknown;unknown
46.31.104.66;197075;ACTIVENETWORK;Active Network S.p.A. Active Network S.p.A. 
129.250.7.69;-2;unknown;unknown
129.250.2.18;-2;unknown;unknown
80.255.15.65;33891;CORE-BACKBONE-INFRA3;Core-Backbone GmbH Infrastructure, Routing, Customer CORE-BACKBONE Core-Backbone-Net-3 
62.69.146.18;9033;ECIX-FRA-IPV4;Peering GmbH European Commercial Internet Exchange Peering LAN Frankfurt, Germany Peering LAN ECIX-FRA European Commercial Internet Exchange 
195.34.183.241;8495;DE-NIC-971014;INTERNET AG Global Network INTERNET AG Global Network 
184.105.213.93;-2;unknown;unknown
78.152.47.232;5580;NL-ATRATOIP-20091002;Hibernia Networks (Netherlands) BV AS5580 
10.49.128.2;-1;private;private
154.25.8.173;-2;unknown;unknown
62.115.116.68;1299;EU-TELIANET-20140617;TeliaSonera AB TELIANET-BLK 
154.54.7.54;-2;unknown;unknown
62.115.134.187;1299;EU-TELIANET-20130924;TeliaSonera AB TELIANET-BLK 
89.234.144.49;198507;NET-INSATELECOM-ROUEN;Association INSA Telecom (Rouen) Quantic Telecom Route to Quantic Telecom Quantic Telecom 
89.149.184.69;3257;NACNET-EU;Tinet Spa Tinet SpA 
10.19.250.1;-1;private;private
149.6.108.13;-2;unknown;unknown
154.54.37.9;-2;unknown;unknown
89.149.184.61;3257;NACNET-EU;Tinet Spa Tinet SpA 
193.252.137.82;-2;RBCI;Public IP for Orange Identity 
94.104.8.54;47377;BE-MOBISTAR-20080620;Mobistar SA AS47377 IPv4 Network 
109.105.97.10;2603;NORDUNET-CORE;NORDUnet Core Backbone NORDUNET-CORE 
