62.115.142.224;1299;TELIANET TeliaSonera AB,SE
85.91.3.1;34245;MAGNET-AS Magnet Networks Limited,IE
62.115.114.84;1299;TELIANET TeliaSonera AB,SE
62.115.114.86;1299;TELIANET TeliaSonera AB,SE
178.16.212.1;50989;SITABINFRA-NORDIC-AS SITAB Infrastruktur,NO
184.105.81.213;6939;HURRICANE - Hurricane Electric, Inc.,US
141.136.99.14;3257;TINET-BACKBONE Tinet SpA,DE
84.46.112.69;15943;WTNET-AS wilhelm.tel GmbH,DE
185.55.84.65;201964;EURONIC Euronic Oy,FI
92.86.32.41;9050;RTD TELEKOM ROMANIA COMMUNICATION S.A,RO
62.204.192.245;15630;UNED Universidad Nacional de Educacion a Distancia - UNED,ES
83.145.254.69;29422;NBLNETWORKS-AS Nebula Oy,FI
141.136.111.142;3257;TINET-BACKBONE Tinet SpA,DE
80.91.251.98;1299;TELIANET TeliaSonera AB,SE
141.136.111.146;3257;TINET-BACKBONE Tinet SpA,DE
193.166.255.37;1741;FUNETAS CSC - Tieteen tietotekniikan keskus Oy,FI
109.105.97.137;2603;NORDUNET NORDUnet,NO
212.47.215.205;3327;LINXTELECOM Linx Telecommunications B.V.,EE
217.72.74.73;16016;VOLJATEL-AS TUSMOBIL D.O.O.,SI
83.167.56.219;8218;NEO-ASN Neo Telecoms S.A.S.,FR
77.94.164.153;8641;NAUKANET-AS LLC _Nauka-Svyaz_,RU
193.251.241.43;5511;OPENTRANSIT-BACKBONE
184.105.81.29;6939;HURRICANE - Hurricane Electric, Inc.,US
129.250.4.107;2914;NTT-COMMUNICATIONS-2914 - NTT America, Inc.,US
151.6.192.14;1267;ASN-WIND Wind Telecomunicazioni SpA,IT
185.59.200.66;44946;DGINET-AS Dembach Goo Informatik GmbH & Co. KG,DE
130.206.212.93;766;REDIRIS Entidad Publica Empresarial Red.es,ES
62.40.125.18;21320;GEANT_IAS_VRF GEANT Limited,EU
213.155.131.245;1299;TELIANET TeliaSonera AB,SE
154.54.58.153;174;COGENT-174 - Cogent Communications,US
193.251.240.179;5511;OPENTRANSIT-BACKBONE
62.115.114.88;1299;TELIANET TeliaSonera AB,SE
154.54.7.129;174;COGENT-174 - Cogent Communications,US
37.25.57.147;57642;ADENCF-AS FIGARO CLASSIFIEDS S.A.,FR
154.54.40.110;174;COGENT-174 - Cogent Communications,US
151.6.2.34;1267;ASN-WIND Wind Telecomunicazioni SpA,IT
185.4.94.2;59682;AS-INASSET-NETWORKS inAsset NixMad,ES
195.22.19.77;8426;CLARANET-AS ClaraNET LTD,GB
129.250.6.248;2914;NTT-COMMUNICATIONS-2914 - NTT America, Inc.,US
109.205.107.78;12835;INFOTN-AS Trentino Network S.r.l.,IT
80.87.211.17;35328;SK-DSIDATA DSi DATA s.r.o.,SK
184.105.80.202;6939;HURRICANE - Hurricane Electric, Inc.,US
109.205.107.77;12835;INFOTN-AS Trentino Network S.r.l.,IT
154.54.28.130;174;COGENT-174 - Cogent Communications,US
46.28.43.209;47537;WEEPEE WeePee NV,BE
154.54.58.234;174;COGENT-174 - Cogent Communications,US
129.250.4.85;2914;NTT-COMMUNICATIONS-2914 - NTT America, Inc.,US
165.254.21.242;2914;NTT-COMMUNICATIONS-2914 - NTT America, Inc.,US
178.19.208.4;50324;ORCO-GSG Hofnetz &IT Services GmbH,DE
77.67.82.10;3257;TINET-BACKBONE Tinet SpA,DE
89.207.60.3;41073;RTE Radio Telefis Eireann,IE
62.115.134.120;1299;TELIANET TeliaSonera AB,SE
77.70.145.251;5377;TAIDE-EMEA Astrium Services Enterprises AS,LT
149.11.37.153;174;COGENT-174 - Cogent Communications,US
212.102.224.1;15415;OBIS Oberberg-Online Informationssysteme GmbH,DE
193.93.72.30;43451;RADIOLAN-SK-AS RadioLAN, spol. s r.o.,SK
37.26.226.34;15695;EXPEREO Expereo International BV,NL
87.234.14.37;20676;QSC-1 QSC AG,DE
81.201.48.195;8251;NFX_ZSPO FreeTel, s.r.o.,CZ
5.11.48.6;47215;FILOO-ASN filoo GmbH Autonomous System,DE
37.128.137.108;12835;INFOTN-AS Trentino Network S.r.l.,IT
193.178.185.34;16374;BCIX-NET
195.69.119.187;-2;unknown
149.6.140.61;174;COGENT-174 - Cogent Communications,US
82.209.176.141;29518;BREDBAND2 Bredband2 AB,SE
198.27.73.149;16276;OVH OVH SAS,FR
128.241.2.153;2914;NTT-COMMUNICATIONS-2914 - NTT America, Inc.,US
185.21.164.1;60351;GEIBIT Geib IT GmbH,DE
62.115.116.96;1299;TELIANET TeliaSonera AB,SE
82.194.122.65;8881;VERSATEL Versatel Deutschland GmbH,DE
151.6.6.176;1267;ASN-WIND Wind Telecomunicazioni SpA,IT
62.214.105.74;8881;VERSATEL Versatel Deutschland GmbH,DE
213.140.214.19;35432;WAVESPEED-AS WAVESPEED LTD,CY
192.168.246.1;-1;private
80.156.163.57;3320;DTAG Deutsche Telekom AG,DE
185.76.156.1;52094;NET-SPACY Net-Spacy IT-Services GmbH,DE
193.252.160.82;-2;unknown
62.214.34.226;8881;VERSATEL Versatel Deutschland GmbH,DE
193.253.15.237;-2;unknown
95.141.32.1;49367;ASSEFLOW Seflow S.N.C. Di Marco Brame_ & C.,IT
89.149.183.126;3257;TINET-BACKBONE Tinet SpA,DE
62.214.104.109;8881;VERSATEL Versatel Deutschland GmbH,DE
10.100.110.1;-1;private
193.252.137.10;-2;unknown
77.111.1.170;16016;VOLJATEL-AS TUSMOBIL D.O.O.,SI
194.113.216.21;30962;COMTRANCE-AS comtrance GmbH,DE
149.11.100.33;174;COGENT-174 - Cogent Communications,US
37.25.57.4;57642;ADENCF-AS FIGARO CLASSIFIEDS S.A.,FR
89.149.187.42;3257;TINET-BACKBONE Tinet SpA,DE
193.168.50.29;34749;GLBASP-ASN GLOBAL SERVICE PROVIDER S.A.,FR
80.231.139.42;6453;AS6453 - TATA COMMUNICATIONS (AMERICA) INC,US
130.152.184.3;226;LOS-NETTOS-AS - Los Nettos,US
212.74.67.45;-2;unknown
93.92.154.1;44567;ASCOMPU Compu Survey Srl,IT
193.178.60.140;31337;ELEET-AS ELEET Networks,SE
149.11.150.5;174;COGENT-174 - Cogent Communications,US
130.117.49.118;174;COGENT-174 - Cogent Communications,US
62.214.35.17;8881;VERSATEL Versatel Deutschland GmbH,DE
154.54.88.10;174;COGENT-174 - Cogent Communications,US
147.229.252.114;197451;VUTBR-AS Brno University of Technology,CZ
78.152.32.90;5580;HIBERNIA Hibernia Networks (Netherlands) BV,NL
129.250.2.50;2914;NTT-COMMUNICATIONS-2914 - NTT America, Inc.,US
213.83.34.25;12306;PLUSLINE Plus.Line AG,DE
195.219.83.186;6453;AS6453 - TATA COMMUNICATIONS (AMERICA) INC,US
62.214.106.101;8881;VERSATEL Versatel Deutschland GmbH,DE
80.231.131.2;6453;AS6453 - TATA COMMUNICATIONS (AMERICA) INC,US
80.91.251.207;1299;TELIANET TeliaSonera AB,SE
80.146.165.92;3320;DTAG Deutsche Telekom AG,DE
149.14.6.21;174;COGENT-174 - Cogent Communications,US
193.253.91.222;-2;unknown
194.150.37.81;8928;INTEROUTE Interoute Communications Limited,GB
149.6.32.9;174;COGENT-174 - Cogent Communications,US
154.54.38.205;174;COGENT-174 - Cogent Communications,US
154.25.1.109;174;COGENT-174 - Cogent Communications,US
184.105.80.85;6939;HURRICANE - Hurricane Electric, Inc.,US
154.25.3.233;174;COGENT-174 - Cogent Communications,US
178.32.135.230;16276;OVH OVH SAS,FR
31.172.112.65;60955;WAVECON Wavecon GmbH,DE
130.117.1.105;174;COGENT-174 - Cogent Communications,US
130.117.3.237;174;COGENT-174 - Cogent Communications,US
149.6.162.57;174;COGENT-174 - Cogent Communications,US
172.16.12.1;-1;private
72.52.92.166;6939;HURRICANE - Hurricane Electric, Inc.,US
217.17.197.33;15725;IKS IKS Service GmbH,DE
194.29.225.133;20647;IPB IPB Internet Provider in Berlin GmbH,DE
212.18.205.110;8937;SALINK-AS VSE NET GmbH,DE
94.199.192.172;48364;ACVYSKOV-AS Radim Pytela - AC Vyskov,CZ
80.87.217.245;35328;SK-DSIDATA DSi DATA s.r.o.,SK
154.54.43.10;174;COGENT-174 - Cogent Communications,US
154.54.43.14;174;COGENT-174 - Cogent Communications,US
77.233.240.49;31027;NIANET-AS Nianet A/S,DK
217.24.235.241;9063;SAARGATE-AS VSE NET GmbH,DE
62.115.116.92;1299;TELIANET TeliaSonera AB,SE
154.54.43.18;174;COGENT-174 - Cogent Communications,US
154.54.27.157;174;COGENT-174 - Cogent Communications,US
62.40.124.245;21320;GEANT_IAS_VRF GEANT Limited,EU
81.88.51.254;39729;REGISTER-AS Register.IT S.p.A.,IT
212.223.156.13;8741;RATIOKONTAKT ratiokontakt GmbH,DE
63.222.0.14;3491;BTN-ASN - Beyond The Network America, Inc.,US
217.156.113.90;20530;ANISP-NET
10.32.128.83;-1;private
149.6.32.25;174;COGENT-174 - Cogent Communications,US
154.54.7.158;174;COGENT-174 - Cogent Communications,US
62.115.141.92;1299;TELIANET TeliaSonera AB,SE
84.46.99.89;15943;WTNET-AS wilhelm.tel GmbH,DE
62.108.38.1;30962;COMTRANCE-AS comtrance GmbH,DE
151.6.192.56;1267;ASN-WIND Wind Telecomunicazioni SpA,IT
198.27.73.192;16276;OVH OVH SAS,FR
89.149.185.142;3257;TINET-BACKBONE Tinet SpA,DE
184.105.213.233;6939;HURRICANE - Hurricane Electric, Inc.,US
154.54.10.30;174;COGENT-174 - Cogent Communications,US
10.97.240.106;-1;private
89.149.129.186;3257;TINET-BACKBONE Tinet SpA,DE
129.250.6.208;2914;NTT-COMMUNICATIONS-2914 - NTT America, Inc.,US
194.68.123.187;-2;unknown
62.116.194.3;31027;NIANET-AS Nianet A/S,DK
10.160.0.1;-1;private
184.105.213.177;6939;HURRICANE - Hurricane Electric, Inc.,US
89.149.128.238;3257;TINET-BACKBONE Tinet SpA,DE
195.245.191.193;9186;ONI ONITELECOM - INFOCOMUNICACOES, S.A.,PT
151.6.2.74;1267;ASN-WIND Wind Telecomunicazioni SpA,IT
80.70.191.1;34372;VEGASYSTEMS-AS VegaSystems GmbH & Co. KG,DE
184.105.80.153;6939;HURRICANE - Hurricane Electric, Inc.,US
10.123.74.138;-1;private
89.26.243.254;5626;ONI ONITELECOM - INFOCOMUNICACOES, SA,PT
89.106.240.86;31669;ITSS-AS Riffle Media BVBA,BE
80.231.130.130;6453;AS6453 - TATA COMMUNICATIONS (AMERICA) INC,US
89.106.240.84;31669;ITSS-AS Riffle Media BVBA,BE
213.224.250.86;6848;TELENET-AS Telenet N.V.,BE
62.40.98.113;21320;GEANT_IAS_VRF GEANT Limited,EU
212.102.234.1;15415;OBIS Oberberg-Online Informationssysteme GmbH,DE
193.252.159.62;-2;unknown
94.136.160.253;41391;CLUSTERS-AS Clusters GmbH,DE
154.25.3.37;174;COGENT-174 - Cogent Communications,US
62.115.135.116;1299;TELIANET TeliaSonera AB,SE
109.105.97.141;2603;NORDUNET NORDUnet,NO
217.29.33.49;16188;PUNKT punkt.de GmbH,DE
154.54.74.77;174;COGENT-174 - Cogent Communications,US
46.31.104.252;197075;ACTIVENETWORK-AS Active Network S.p.A.,IT
184.105.80.97;6939;HURRICANE - Hurricane Electric, Inc.,US
130.117.51.81;174;COGENT-174 - Cogent Communications,US
154.54.74.73;174;COGENT-174 - Cogent Communications,US
172.25.152.58;-1;private
84.39.111.197;48200;OPTEAMAX-AS Opteamax GmbH,DE
212.84.40.98;15533;SASEUROPE Sungard Availability Services (UK) Ltd,GB
78.110.232.1;43566;TYNTEC TynTec GmbH,DE
149.6.32.29;174;COGENT-174 - Cogent Communications,US
195.2.24.241;1273;CW Cable and Wireless Worldwide plc,GB
62.115.143.88;1299;TELIANET TeliaSonera AB,SE
141.136.111.217;3257;TINET-BACKBONE Tinet SpA,DE
212.87.132.140;20677;IMOS-AS imos GmbH,DE
193.110.12.101;-2;unknown
81.26.160.46;12843;TELEMAXX TelemaxX Telekommunikation GmbH,DE
129.250.3.84;2914;NTT-COMMUNICATIONS-2914 - NTT America, Inc.,US
62.115.135.112;1299;TELIANET TeliaSonera AB,SE
87.79.17.165;8422;NETCOLOGNE NetCologne GmbH,DE
94.104.254.129;47377;MES Mobistar SA,BE
154.54.24.222;174;COGENT-174 - Cogent Communications,US
62.115.143.210;1299;TELIANET TeliaSonera AB,SE
154.54.30.53;174;COGENT-174 - Cogent Communications,US
193.251.240.142;5511;OPENTRANSIT-BACKBONE
83.145.255.186;29422;NBLNETWORKS-AS Nebula Oy,FI
213.155.136.84;1299;TELIANET TeliaSonera AB,SE
129.250.66.17;2914;NTT-COMMUNICATIONS-2914 - NTT America, Inc.,US
72.52.92.69;6939;HURRICANE - Hurricane Electric, Inc.,US
80.231.158.5;6453;AS6453 - TATA COMMUNICATIONS (AMERICA) INC,US
62.214.104.101;8881;VERSATEL Versatel Deutschland GmbH,DE
154.25.8.217;174;COGENT-174 - Cogent Communications,US
84.20.131.22;29422;NBLNETWORKS-AS Nebula Oy,FI
62.214.104.105;8881;VERSATEL Versatel Deutschland GmbH,DE
87.238.190.1;39257;INC Interactive Network Communications AS,DE
154.25.1.249;174;COGENT-174 - Cogent Communications,US
217.29.66.125;16004;MIX-Peering
130.117.48.182;174;COGENT-174 - Cogent Communications,US
83.141.5.105;29551;HGCOMP-ASN Aixit GmbH,DE
193.242.98.151;13041;CESCA-AC Consorci de Serveis Universitaris de Catalunya,ES
154.25.1.245;174;COGENT-174 - Cogent Communications,US
10.94.205.1;-1;private
62.115.113.150;1299;TELIANET TeliaSonera AB,SE
212.4.152.98;12570;ITSELF itself s.r.o.,CZ
212.74.86.131;-2;unknown
82.195.78.29;8365;MANDA Man-da.de GmbH,DE
217.13.49.29;31221;EUCLYDE Pop Euclyde Sophia Antipolis,FR
185.22.223.29;60955;WAVECON Wavecon GmbH,DE
130.244.64.71;1257;TELE2,SE
146.0.41.41;24961;MYLOC-AS myLoc managed IT AG,DE
154.54.27.161;174;COGENT-174 - Cogent Communications,US
212.29.34.209;15763;ASDOKOM DOKOM Gesellschaft fuer Telekommunikation mbH,DE
81.92.175.217;21385;TNIB Trusted Network GmbH,DE
154.54.28.34;174;COGENT-174 - Cogent Communications,US
89.149.186.201;3257;TINET-BACKBONE Tinet SpA,DE
154.25.2.137;174;COGENT-174 - Cogent Communications,US
129.250.2.234;2914;NTT-COMMUNICATIONS-2914 - NTT America, Inc.,US
141.136.105.217;3257;TINET-BACKBONE Tinet SpA,DE
195.66.224.21;5459;LINX-PEER-LON1
130.117.50.77;174;COGENT-174 - Cogent Communications,US
89.207.56.233;41073;RTE Radio Telefis Eireann,IE
217.110.137.65;8220;COLT COLT Technology Services Group Limited,GB
62.115.53.193;1299;TELIANET TeliaSonera AB,SE
81.92.175.73;21385;TNIB Trusted Network GmbH,DE
83.167.60.192;8218;NEO-ASN Neo Telecoms S.A.S.,FR
217.7.125.44;3320;DTAG Deutsche Telekom AG,DE
178.33.100.234;16276;OVH OVH SAS,FR
129.250.3.193;2914;NTT-COMMUNICATIONS-2914 - NTT America, Inc.,US
154.25.8.169;174;COGENT-174 - Cogent Communications,US
62.115.136.203;1299;TELIANET TeliaSonera AB,SE
185.48.116.3;51862;PROFITBRICKS-AS Profitbricks GmbH,DE
89.149.180.121;3257;TINET-BACKBONE Tinet SpA,DE
154.25.4.181;174;COGENT-174 - Cogent Communications,US
80.231.139.1;6453;AS6453 - TATA COMMUNICATIONS (AMERICA) INC,US
80.249.209.150;1200;AMS-IX1 Amsterdam Internet Exchange B.V.,NL
89.149.180.125;3257;TINET-BACKBONE Tinet SpA,DE
62.210.47.222;12876;AS12876 ONLINE S.A.S.,FR
166.49.237.81;5400;BT British Telecommunications plc,GB
62.154.15.10;3320;DTAG Deutsche Telekom AG,DE
72.52.92.242;6939;HURRICANE - Hurricane Electric, Inc.,US
46.16.220.114;15943;WTNET-AS wilhelm.tel GmbH,DE
213.155.134.129;1299;TELIANET TeliaSonera AB,SE
62.214.106.89;8881;VERSATEL Versatel Deutschland GmbH,DE
130.117.48.114;174;COGENT-174 - Cogent Communications,US
72.52.92.122;6939;HURRICANE - Hurricane Electric, Inc.,US
62.115.138.124;1299;TELIANET TeliaSonera AB,SE
80.157.129.250;3320;DTAG Deutsche Telekom AG,DE
213.161.2.218;3212;TRIERA TRIERA,SI
129.250.4.162;2914;NTT-COMMUNICATIONS-2914 - NTT America, Inc.,US
195.245.142.162;9186;ONI ONITELECOM - INFOCOMUNICACOES, S.A.,PT
85.91.1.162;34245;MAGNET-AS Magnet Networks Limited,IE
46.33.94.237;3257;TINET-BACKBONE Tinet SpA,DE
46.33.84.54;3257;TINET-BACKBONE Tinet SpA,DE
178.19.210.241;50324;ORCO-GSG Hofnetz &IT Services GmbH,DE
141.136.105.102;3257;TINET-BACKBONE Tinet SpA,DE
62.240.250.129;8426;CLARANET-AS ClaraNET LTD,GB
166.49.243.129;5400;BT British Telecommunications plc,GB
62.214.106.74;8881;VERSATEL Versatel Deutschland GmbH,DE
154.54.5.114;174;COGENT-174 - Cogent Communications,US
62.154.14.130;3320;DTAG Deutsche Telekom AG,DE
154.54.37.225;174;COGENT-174 - Cogent Communications,US
62.214.106.70;8881;VERSATEL Versatel Deutschland GmbH,DE
154.54.30.41;174;COGENT-174 - Cogent Communications,US
62.214.33.229;8881;VERSATEL Versatel Deutschland GmbH,DE
62.115.135.114;1299;TELIANET TeliaSonera AB,SE
185.5.109.174;34177;CELESTE-AS CELESTE - Internet services provider,FR
213.155.135.145;1299;TELIANET TeliaSonera AB,SE
213.155.135.147;1299;TELIANET TeliaSonera AB,SE
185.5.109.8;34177;CELESTE-AS CELESTE - Internet services provider,FR
213.155.135.149;1299;TELIANET TeliaSonera AB,SE
10.0.242.213;-1;private
80.91.249.96;1299;TELIANET TeliaSonera AB,SE
87.238.185.3;39257;INC Interactive Network Communications AS,DE
62.168.193.13;31055;CONSULTIX-AS Consultix GmbH,DE
130.117.3.169;174;COGENT-174 - Cogent Communications,US
213.183.192.30;15368;INTARES Intares,DE
81.52.186.121;-2;unknown
195.245.240.187;-2;unknown
130.117.3.161;174;COGENT-174 - Cogent Communications,US
83.141.0.254;29551;HGCOMP-ASN Aixit GmbH,DE
178.32.135.164;16276;OVH OVH SAS,FR
10.0.200.66;-1;private
130.117.49.37;174;COGENT-174 - Cogent Communications,US
185.11.252.65;61303;NETWAYS NETWAYS GmbH,DE
184.105.222.49;6939;HURRICANE - Hurricane Electric, Inc.,US
62.176.112.137;8866;BTC-AS Bulgarian Telecommunications Company Plc.,BG
185.51.176.254;61984;RC-AS Reseau Concept SARL,FR
129.250.4.53;2914;NTT-COMMUNICATIONS-2914 - NTT America, Inc.,US
151.6.6.61;1267;ASN-WIND Wind Telecomunicazioni SpA,IT
212.112.161.105;12552;IPO-EU IP-Only Networks AB,SE
81.30.1.129;16191;ICANET-AS ICA-NET SRL,IT
129.250.2.146;2914;NTT-COMMUNICATIONS-2914 - NTT America, Inc.,US
81.180.99.1;25409;ALSYSDATA Alsys Net SRL,RO
10.150.0.85;-1;private
178.32.135.78;16276;OVH OVH SAS,FR
129.250.2.149;2914;NTT-COMMUNICATIONS-2914 - NTT America, Inc.,US
80.91.251.243;1299;TELIANET TeliaSonera AB,SE
194.25.6.62;3320;DTAG Deutsche Telekom AG,DE
141.136.111.254;3257;TINET-BACKBONE Tinet SpA,DE
72.52.92.13;6939;HURRICANE - Hurricane Electric, Inc.,US
149.6.108.9;174;COGENT-174 - Cogent Communications,US
81.25.202.153;2914;NTT-COMMUNICATIONS-2914 - NTT America, Inc.,US
77.247.83.193;25291;SYSELEVEN SysEleven GmbH,DE
149.6.108.1;174;COGENT-174 - Cogent Communications,US
80.81.202.30;6695;DE-CIX-MUC-IXP
83.167.56.221;8218;NEO-ASN Neo Telecoms S.A.S.,FR
185.65.7.234;21235;ADVANCED-SYSTEMHAUS ADVANCED Systemhaus GmbH,DE
217.71.103.97;13237;LAMBDANET-AS euNetworks Managed Services GmbH,DE
10.0.4.1;-1;private
154.54.57.69;174;COGENT-174 - Cogent Communications,US
89.28.136.137;41307;TPP Telepark Passau GmbH,DE
5.83.128.177;12586;ASGHOSTNET GHOSTnet GmbH,DE
94.124.104.77;42000;KAORA Kaora, s.r.o.,CZ
184.105.81.34;6939;HURRICANE - Hurricane Electric, Inc.,US
213.155.131.237;1299;TELIANET TeliaSonera AB,SE
86.50.160.14;1741;FUNETAS CSC - Tieteen tietotekniikan keskus Oy,FI
78.152.34.6;5580;HIBERNIA Hibernia Networks (Netherlands) BV,NL
89.149.128.242;3257;TINET-BACKBONE Tinet SpA,DE
130.117.49.41;174;COGENT-174 - Cogent Communications,US
78.152.48.8;5580;HIBERNIA Hibernia Networks (Netherlands) BV,NL
154.54.58.141;174;COGENT-174 - Cogent Communications,US
193.43.34.30;12835;INFOTN-AS Trentino Network S.r.l.,IT
185.10.36.62;61343;PATRONAS-AS PATRONAS Financial Systems GmbH,DE
62.40.112.29;21320;GEANT_IAS_VRF GEANT Limited,EU
184.105.222.129;6939;HURRICANE - Hurricane Electric, Inc.,US
194.68.128.187;8674;SE-GIX
149.11.114.49;174;COGENT-174 - Cogent Communications,US
109.105.97.139;2603;NORDUNET NORDUnet,NO
193.110.224.33;-2;unknown
109.105.97.130;2603;NORDUNET NORDUnet,NO
212.39.69.213;8866;BTC-AS Bulgarian Telecommunications Company Plc.,BG
212.39.69.210;8866;BTC-AS Bulgarian Telecommunications Company Plc.,BG
213.155.137.234;1299;TELIANET TeliaSonera AB,SE
80.91.251.96;1299;TELIANET TeliaSonera AB,SE
149.6.118.13;174;COGENT-174 - Cogent Communications,US
62.214.105.78;8881;VERSATEL Versatel Deutschland GmbH,DE
154.54.58.69;174;COGENT-174 - Cogent Communications,US
37.187.231.93;16276;OVH OVH SAS,FR
149.6.172.17;174;COGENT-174 - Cogent Communications,US
72.52.92.81;6939;HURRICANE - Hurricane Electric, Inc.,US
10.96.253.74;-1;private
192.168.3.1;-1;private
147.229.252.205;197451;VUTBR-AS Brno University of Technology,CZ
154.54.0.237;174;COGENT-174 - Cogent Communications,US
109.168.46.193;5602;KPNQwest Italia S.p.a,IT
89.149.182.74;3257;TINET-BACKBONE Tinet SpA,DE
154.25.0.161;174;COGENT-174 - Cogent Communications,US
46.255.177.16;8218;NEO-ASN Neo Telecoms S.A.S.,FR
80.70.191.29;34372;VEGASYSTEMS-AS VegaSystems GmbH & Co. KG,DE
154.25.0.165;174;COGENT-174 - Cogent Communications,US
62.115.142.77;1299;TELIANET TeliaSonera AB,SE
149.11.12.21;174;COGENT-174 - Cogent Communications,US
80.91.252.103;1299;TELIANET TeliaSonera AB,SE
217.71.103.61;13237;LAMBDANET-AS euNetworks Managed Services GmbH,DE
62.169.56.1;28831;PHOENIX-AS Phoenix Informatica SRL,IT
89.149.182.78;3257;TINET-BACKBONE Tinet SpA,DE
130.117.50.34;174;COGENT-174 - Cogent Communications,US
213.155.131.247;1299;TELIANET TeliaSonera AB,SE
83.143.216.97;35382;CAPNOVA-AS Oy Capnova Ltd,FI
166.49.208.63;5400;BT British Telecommunications plc,GB
130.117.0.141;174;COGENT-174 - Cogent Communications,US
212.77.160.57;12611;RKOM R-KOM Regensburger Telekommunikations GmbH & Co. KG,DE
10.1.51.1;-1;private
89.111.41.69;12993;DEAC-AS SIA Digitalas Ekonomikas Attistibas Centrs,LV
192.168.10.1;-1;private
62.214.106.45;8881;VERSATEL Versatel Deutschland GmbH,DE
149.14.68.161;174;COGENT-174 - Cogent Communications,US
72.52.92.38;6939;HURRICANE - Hurricane Electric, Inc.,US
185.10.36.254;61343;PATRONAS-AS PATRONAS Financial Systems GmbH,DE
149.6.32.57;174;COGENT-174 - Cogent Communications,US
91.213.25.241;42970;MEZCALITO MEZCALITO SARL,EU
62.214.106.49;8881;VERSATEL Versatel Deutschland GmbH,DE
94.104.8.54;47377;MES Mobistar SA,BE
149.6.32.53;174;COGENT-174 - Cogent Communications,US
10.129.254.33;-1;private
213.155.137.127;1299;TELIANET TeliaSonera AB,SE
62.115.141.90;1299;TELIANET TeliaSonera AB,SE
213.198.77.117;2914;NTT-COMMUNICATIONS-2914 - NTT America, Inc.,US
193.25.173.1;60295;OPEN-EARS-AS Jan Czmok,DE
130.117.48.158;174;COGENT-174 - Cogent Communications,US
62.116.194.2;31027;NIANET-AS Nianet A/S,DK
154.54.44.137;174;COGENT-174 - Cogent Communications,US
89.149.183.138;3257;TINET-BACKBONE Tinet SpA,DE
80.87.211.145;35328;SK-DSIDATA DSi DATA s.r.o.,SK
213.204.176.1;2119;TELENOR-NEXTEL Telenor Norge AS,NO
195.245.142.113;9186;ONI ONITELECOM - INFOCOMUNICACOES, S.A.,PT
154.54.28.66;174;COGENT-174 - Cogent Communications,US
81.26.160.49;12843;TELEMAXX TelemaxX Telekommunikation GmbH,DE
84.46.112.193;15943;WTNET-AS wilhelm.tel GmbH,DE
90.147.81.101;137;ASGARR Consortium GARR,IT
185.30.92.1;60491;NLN-AS No Limit Network SARL,FR
195.2.25.166;1273;CW Cable and Wireless Worldwide plc,GB
198.71.45.21;11537;ABILENE - Internet2,US
213.192.238.57;12541;BTESPANA BT ESPANA, COMPANIA DE SERVICIOS GLOBALES DE TELECOMUNICACIONES, SA,ES
62.115.112.59;1299;TELIANET TeliaSonera AB,SE
212.65.36.9;47377;MES Mobistar SA,BE
130.117.49.109;174;COGENT-174 - Cogent Communications,US
129.250.3.179;2914;NTT-COMMUNICATIONS-2914 - NTT America, Inc.,US
213.155.131.142;1299;TELIANET TeliaSonera AB,SE
212.80.190.2;12541;BTESPANA BT ESPANA, COMPANIA DE SERVICIOS GLOBALES DE TELECOMUNICACIONES, SA,ES
129.250.2.41;2914;NTT-COMMUNICATIONS-2914 - NTT America, Inc.,US
129.250.2.43;2914;NTT-COMMUNICATIONS-2914 - NTT America, Inc.,US
141.136.109.89;3257;TINET-BACKBONE Tinet SpA,DE
62.214.34.177;8881;VERSATEL Versatel Deutschland GmbH,DE
154.54.58.190;174;COGENT-174 - Cogent Communications,US
141.136.109.81;3257;TINET-BACKBONE Tinet SpA,DE
213.155.135.5;1299;TELIANET TeliaSonera AB,SE
10.220.254.255;-1;private
154.54.42.85;174;COGENT-174 - Cogent Communications,US
154.54.44.105;174;COGENT-174 - Cogent Communications,US
78.111.72.105;33984;SURFPLANET-AS Surfplanet GmbH,DE
129.250.6.162;2914;NTT-COMMUNICATIONS-2914 - NTT America, Inc.,US
194.146.118.80;9033;ECIX-DUS-IPV4
62.115.138.122;1299;TELIANET TeliaSonera AB,SE
10.0.5.7;-1;private
213.183.195.81;15368;INTARES Intares,DE
216.218.223.28;6939;HURRICANE - Hurricane Electric, Inc.,US
213.161.2.222;3212;TRIERA TRIERA,SI
92.39.244.195;34274;ELBMULTIMEDIA ELB MULTIMEDIA,FR
185.22.223.81;60955;WAVECON Wavecon GmbH,DE
62.115.115.225;1299;TELIANET TeliaSonera AB,SE
217.13.49.85;31221;EUCLYDE Pop Euclyde Sophia Antipolis,FR
62.115.115.227;1299;TELIANET TeliaSonera AB,SE
188.1.235.117;680;DFN Verein zur Foerderung eines Deutschen Forschungsnetzes e.V.,DE
89.149.185.101;3257;TINET-BACKBONE Tinet SpA,DE
80.157.128.233;3320;DTAG Deutsche Telekom AG,DE
77.233.240.53;31027;NIANET-AS Nianet A/S,DK
80.87.217.253;35328;SK-DSIDATA DSi DATA s.r.o.,SK
88.200.7.244;2107;ARNES-NET ARNES,SI
81.95.15.162;201011;NETZBETRIEB-GMBH AS33891 Netzbetrieb GmbH,DE
216.218.223.26;6939;HURRICANE - Hurricane Electric, Inc.,US
213.155.135.139;1299;TELIANET TeliaSonera AB,SE
198.27.73.166;16276;OVH OVH SAS,FR
198.27.73.164;16276;OVH OVH SAS,FR
62.40.124.192;21320;GEANT_IAS_VRF GEANT Limited,EU
193.252.137.70;-2;unknown
213.155.135.133;1299;TELIANET TeliaSonera AB,SE
89.149.184.69;3257;TINET-BACKBONE Tinet SpA,DE
213.155.135.135;1299;TELIANET TeliaSonera AB,SE
195.154.1.3;12876;AS12876 ONLINE S.A.S.,FR
77.233.240.50;31027;NIANET-AS Nianet A/S,DK
172.24.1.254;-1;private
85.91.2.200;34245;MAGNET-AS Magnet Networks Limited,IE
193.251.252.253;5511;OPENTRANSIT-BACKBONE
37.26.226.35;15695;EXPEREO Expereo International BV,NL
213.155.134.77;1299;TELIANET TeliaSonera AB,SE
92.61.196.1;44384;CROSSAN Crossan Cablecomm Ltd,IE
89.149.129.190;3257;TINET-BACKBONE Tinet SpA,DE
184.105.213.229;6939;HURRICANE - Hurricane Electric, Inc.,US
89.149.129.194;3257;TINET-BACKBONE Tinet SpA,DE
192.168.24.7;-1;private
195.42.144.104;44729;EE-Paris
109.105.98.10;2603;NORDUNET NORDUnet,NO
141.136.109.17;3257;TINET-BACKBONE Tinet SpA,DE
217.198.77.131;48220;FE-AS Fouredge AB,SE
77.233.240.54;31027;NIANET-AS Nianet A/S,DK
154.54.38.209;174;COGENT-174 - Cogent Communications,US
85.115.3.145;12843;TELEMAXX TelemaxX Telekommunikation GmbH,DE
89.149.185.6;3257;TINET-BACKBONE Tinet SpA,DE
130.149.126.77;680;DFN Verein zur Foerderung eines Deutschen Forschungsnetzes e.V.,DE
62.115.113.162;1299;TELIANET TeliaSonera AB,SE
62.40.125.180;21320;GEANT_IAS_VRF GEANT Limited,EU
185.5.100.237;39702;SIT-AS S-IT Informationstechnologie Betreiber GmbH & Co. KG,DE
62.168.203.253;31055;CONSULTIX-AS Consultix GmbH,DE
141.136.105.98;3257;TINET-BACKBONE Tinet SpA,DE
213.155.131.52;1299;TELIANET TeliaSonera AB,SE
213.155.136.78;1299;TELIANET TeliaSonera AB,SE
81.19.109.213;2914;NTT-COMMUNICATIONS-2914 - NTT America, Inc.,US
94.127.224.12;48139;BOYENS Boyens Medienholding GmbH & Co. KG,DE
80.91.254.214;1299;TELIANET TeliaSonera AB,SE
217.71.111.169;13237;LAMBDANET-AS euNetworks Managed Services GmbH,DE
217.113.64.19;3491;BTN-ASN - Beyond The Network America, Inc.,US
62.115.137.43;1299;TELIANET TeliaSonera AB,SE
212.122.54.186;16097;HLKOMM HL komm Telekommunikations GmbH,DE
149.6.48.13;174;COGENT-174 - Cogent Communications,US
217.17.192.29;15725;IKS IKS Service GmbH,DE
91.223.40.11;197551;AMEOS Ameos SARL,FR
154.25.9.85;174;COGENT-174 - Cogent Communications,US
130.117.51.77;174;COGENT-174 - Cogent Communications,US
185.31.40.1;60362;ALWAYSDATA ALWAYSDATA SARL,FR
184.105.81.238;6939;HURRICANE - Hurricane Electric, Inc.,US
129.250.3.93;2914;NTT-COMMUNICATIONS-2914 - NTT America, Inc.,US
154.25.9.89;174;COGENT-174 - Cogent Communications,US
62.119.219.121;2119;TELENOR-NEXTEL Telenor Norge AS,NO
141.136.105.106;3257;TINET-BACKBONE Tinet SpA,DE
62.115.143.202;1299;TELIANET TeliaSonera AB,SE
80.78.80.1;34685;XOVO-AS X.OVO MediaNetworks GmbH,DE
212.84.34.17;199547;VOIX-AS Voix s.r.l.,IT
212.79.9.201;20783;POP pop-interactive GmbH,DE
62.115.143.165;1299;TELIANET TeliaSonera AB,SE
217.239.39.14;3320;DTAG Deutsche Telekom AG,DE
62.115.143.163;1299;TELIANET TeliaSonera AB,SE
10.200.0.254;-1;private
213.140.214.14;35432;WAVESPEED-AS WAVESPEED LTD,CY
62.78.111.148;16086;DNA DNA Oy,FI
83.145.255.194;29422;NBLNETWORKS-AS Nebula Oy,FI
72.52.92.45;6939;HURRICANE - Hurricane Electric, Inc.,US
154.54.36.226;174;COGENT-174 - Cogent Communications,US
212.123.127.242;15598;QSC-AG-IPX QSC AG,DE
212.77.162.122;12611;RKOM R-KOM Regensburger Telekommunikations GmbH & Co. KG,DE
151.6.2.13;1267;ASN-WIND Wind Telecomunicazioni SpA,IT
192.121.80.162;-2;unknown
62.58.253.193;13127;VERSATEL Tele 2 Nederland B.V.,NL
62.214.110.49;8881;VERSATEL Versatel Deutschland GmbH,DE
146.172.105.62;2119;TELENOR-NEXTEL Telenor Norge AS,NO
193.169.198.70;15669;BIX-BG Bulgarian Internet eXchange (BIX.BG ltd.),BG
172.22.1.127;-1;private
62.40.98.109;21320;GEANT_IAS_VRF GEANT Limited,EU
195.154.1.112;12876;AS12876 ONLINE S.A.S.,FR
212.74.86.127;-2;unknown
172.22.0.1;-1;private
213.155.135.137;1299;TELIANET TeliaSonera AB,SE
62.115.134.69;1299;TELIANET TeliaSonera AB,SE
80.87.211.9;35328;SK-DSIDATA DSi DATA s.r.o.,SK
90.147.80.82;137;ASGARR Consortium GARR,IT
80.87.211.5;35328;SK-DSIDATA DSi DATA s.r.o.,SK
109.68.160.13;39923;AS-UNIXSOLUTIONS Unix-Solutions BVBA,BE
62.240.250.126;8426;CLARANET-AS ClaraNET LTD,GB
193.149.1.113;6895;ESPANIX ASOCIACION ESPANIX,ES
192.167.209.1;137;ASGARR Consortium GARR,IT
212.79.49.140;20783;POP pop-interactive GmbH,DE
213.224.247.106;6848;TELENET-AS Telenet N.V.,BE
212.79.49.142;20783;POP pop-interactive GmbH,DE
194.141.221.254;6802;UNICOM-B-AS Bulgarian Research and Education Network Association (BREN),BG
80.70.176.2;34372;VEGASYSTEMS-AS VegaSystems GmbH & Co. KG,DE
62.214.110.189;8881;VERSATEL Versatel Deutschland GmbH,DE
154.25.1.113;174;COGENT-174 - Cogent Communications,US
62.115.116.87;1299;TELIANET TeliaSonera AB,SE
184.105.223.233;6939;HURRICANE - Hurricane Electric, Inc.,US
178.132.80.97;57344;TELEHOUSE-AS Telehouse EAD,BG
37.49.232.13;57734;FRANCEIX France IX Services SASU,FR
80.247.227.254;15826;NFRANCE NFrance Conseil S.A.S.,FR
141.136.107.66;3257;TINET-BACKBONE Tinet SpA,DE
5.104.16.17;198977;UNART UnArtel s.r.o.,CZ
141.136.97.225;3257;TINET-BACKBONE Tinet SpA,DE
90.147.80.109;137;ASGARR Consortium GARR,IT
10.137.205.225;-1;private
129.250.3.189;2914;NTT-COMMUNICATIONS-2914 - NTT America, Inc.,US
77.232.232.129;42102;ASN-LRNC L&R Network Consulting,DE
91.213.211.118;-2;unknown
193.251.129.84;5511;OPENTRANSIT-BACKBONE
137.164.26.246;2153;CSUNET-NE - California State University, Office of the Chancellor,US
89.106.218.229;39702;SIT-AS S-IT Informationstechnologie Betreiber GmbH & Co. KG,DE
62.154.14.210;3320;DTAG Deutsche Telekom AG,DE
130.244.3.0;1257;TELE2,SE
10.255.49.102;-1;private
37.25.57.3;57642;ADENCF-AS FIGARO CLASSIFIEDS S.A.,FR
62.154.14.218;3320;DTAG Deutsche Telekom AG,DE
198.71.45.6;11537;ABILENE - Internet2,US
141.136.107.154;3257;TINET-BACKBONE Tinet SpA,DE
62.214.106.93;8881;VERSATEL Versatel Deutschland GmbH,DE
62.214.34.161;8881;VERSATEL Versatel Deutschland GmbH,DE
62.214.106.97;8881;VERSATEL Versatel Deutschland GmbH,DE
62.115.134.65;1299;TELIANET TeliaSonera AB,SE
62.115.116.90;1299;TELIANET TeliaSonera AB,SE
62.115.12.45;1299;TELIANET TeliaSonera AB,SE
83.167.55.12;8218;NEO-ASN Neo Telecoms S.A.S.,FR
62.115.116.94;1299;TELIANET TeliaSonera AB,SE
213.255.14.74;8968;BT-ITALIA BT Italia S.p.A.,IT
129.250.5.40;2914;NTT-COMMUNICATIONS-2914 - NTT America, Inc.,US
212.113.66.5;9166;CEGEKA-HASSELT Cegeka NV,BE
62.115.134.67;1299;TELIANET TeliaSonera AB,SE
62.245.130.205;8767;MNET-AS M-net Telekommunikations GmbH, Germany,DE
217.174.157.31;-2;unknown
37.49.236.10;57734;FRANCEIX France IX Services SASU,FR
154.25.4.21;174;COGENT-174 - Cogent Communications,US
10.97.240.102;-1;private
151.6.2.54;1267;ASN-WIND Wind Telecomunicazioni SpA,IT
195.113.235.99;2852;CESNET2 CESNET z.s.p.o.,CZ
154.54.30.185;174;COGENT-174 - Cogent Communications,US
80.91.247.127;1299;TELIANET TeliaSonera AB,SE
89.106.240.113;31669;ITSS-AS Riffle Media BVBA,BE
80.77.16.73;34549;MEER-AS meerfarbig GmbH & Co. KG,DE
81.20.64.249;2914;NTT-COMMUNICATIONS-2914 - NTT America, Inc.,US
77.232.240.1;42102;ASN-LRNC L&R Network Consulting,DE
147.229.253.180;197451;VUTBR-AS Brno University of Technology,CZ
89.149.185.89;3257;TINET-BACKBONE Tinet SpA,DE
94.141.0.77;5602;KPNQwest Italia S.p.a,IT
184.105.81.77;6939;HURRICANE - Hurricane Electric, Inc.,US
212.79.48.2;20783;POP pop-interactive GmbH,DE
130.117.49.137;174;COGENT-174 - Cogent Communications,US
154.54.77.246;174;COGENT-174 - Cogent Communications,US
198.71.45.13;11537;ABILENE - Internet2,US
154.25.3.10;174;COGENT-174 - Cogent Communications,US
86.50.160.0;1741;FUNETAS CSC - Tieteen tietotekniikan keskus Oy,FI
5.22.150.89;196763;KEY-SYSTEMS-AS Key-Systems GmbH,DE
213.155.130.127;1299;TELIANET TeliaSonera AB,SE
213.155.130.125;1299;TELIANET TeliaSonera AB,SE
213.255.14.65;8968;BT-ITALIA BT Italia S.p.A.,IT
130.149.58.129;680;DFN Verein zur Foerderung eines Deutschen Forschungsnetzes e.V.,DE
10.200.1.25;-1;private
130.117.2.65;174;COGENT-174 - Cogent Communications,US
195.2.25.69;1273;CW Cable and Wireless Worldwide plc,GB
154.54.39.17;174;COGENT-174 - Cogent Communications,US
184.105.80.129;6939;HURRICANE - Hurricane Electric, Inc.,US
212.80.160.149;12541;BTESPANA BT ESPANA, COMPANIA DE SERVICIOS GLOBALES DE TELECOMUNICACIONES, SA,ES
213.155.130.75;1299;TELIANET TeliaSonera AB,SE
89.149.185.66;3257;TINET-BACKBONE Tinet SpA,DE
80.91.248.254;1299;TELIANET TeliaSonera AB,SE
154.54.31.189;174;COGENT-174 - Cogent Communications,US
91.109.120.3;58308;CUSAE-AS Cusae SARL,FR
129.250.2.158;2914;NTT-COMMUNICATIONS-2914 - NTT America, Inc.,US
193.242.111.69;2128;INEX Internet Neutral Exchange Association Limited,IE
85.88.20.59;33984;SURFPLANET-AS Surfplanet GmbH,DE
91.109.120.4;58308;CUSAE-AS Cusae SARL,FR
62.115.113.160;1299;TELIANET TeliaSonera AB,SE
87.236.193.2;35592;COOLHOUSING-AS COOLHOUSING Autonomous System,CZ
46.28.107.1;197019;WEDOS WEDOS Internet, a.s.,CZ
178.16.212.58;50989;SITABINFRA-NORDIC-AS SITAB Infrastruktur,NO
77.94.160.54;8641;NAUKANET-AS LLC _Nauka-Svyaz_,RU
198.27.73.30;16276;OVH OVH SAS,FR
62.115.115.231;1299;TELIANET TeliaSonera AB,SE
129.250.2.4;2914;NTT-COMMUNICATIONS-2914 - NTT America, Inc.,US
80.10.124.143;-2;unknown
89.149.185.2;3257;TINET-BACKBONE Tinet SpA,DE
130.152.181.189;226;LOS-NETTOS-AS - Los Nettos,US
149.6.134.205;174;COGENT-174 - Cogent Communications,US
185.66.148.253;12644;TELEMACH Telemach Communication Services d.o.o.,SI
62.154.10.129;3320;DTAG Deutsche Telekom AG,DE
213.155.135.7;1299;TELIANET TeliaSonera AB,SE
195.88.109.2;57407;CKSOFT CK Software GmbH,DE
46.31.104.114;197075;ACTIVENETWORK-AS Active Network S.p.A.,IT
129.250.4.96;2914;NTT-COMMUNICATIONS-2914 - NTT America, Inc.,US
130.206.245.2;766;REDIRIS Entidad Publica Empresarial Red.es,ES
78.152.34.29;5580;HIBERNIA Hibernia Networks (Netherlands) BV,NL
172.25.71.165;-1;private
78.136.109.169;29119;SERVIHOSTING-AS ServiHosting Networks S.L.,ES
213.161.11.65;3212;TRIERA TRIERA,SI
94.124.104.69;42000;KAORA Kaora, s.r.o.,CZ
149.6.152.149;174;COGENT-174 - Cogent Communications,US
88.200.2.46;2107;ARNES-NET ARNES,SI
185.48.116.33;51862;PROFITBRICKS-AS Profitbricks GmbH,DE
130.117.50.134;174;COGENT-174 - Cogent Communications,US
194.177.44.136;30889;WAYCOM-AS Waycom International SARL,DE
80.81.192.172;6695;DE-CIX-FRA-IXP
130.117.51.41;174;COGENT-174 - Cogent Communications,US
185.14.129.1;199441;AS1-COSIUM Cosium sarl,FR
194.113.216.25;30962;COMTRANCE-AS comtrance GmbH,DE
84.233.218.186;8928;INTEROUTE Interoute Communications Limited,GB
184.105.81.49;6939;HURRICANE - Hurricane Electric, Inc.,US
130.117.49.57;174;COGENT-174 - Cogent Communications,US
83.141.1.201;29551;HGCOMP-ASN Aixit GmbH,DE
141.136.109.65;3257;TINET-BACKBONE Tinet SpA,DE
80.255.15.205;201011;NETZBETRIEB-GMBH AS33891 Netzbetrieb GmbH,DE
10.210.80.2;-1;private
10.10.10.254;-1;private
62.80.99.5;13237;LAMBDANET-AS euNetworks Managed Services GmbH,DE
85.31.195.205;30781;JAGUAR-AS Jaguar Network SAS,FR
184.105.222.137;6939;HURRICANE - Hurricane Electric, Inc.,US
151.6.2.50;1267;ASN-WIND Wind Telecomunicazioni SpA,IT
130.117.49.78;174;COGENT-174 - Cogent Communications,US
194.199.241.1;2200;FR-RENATER Reseau National de telecommunications pour la Technologie,FR
141.136.105.65;3257;TINET-BACKBONE Tinet SpA,DE
184.105.222.138;6939;HURRICANE - Hurricane Electric, Inc.,US
80.70.190.2;34372;VEGASYSTEMS-AS VegaSystems GmbH & Co. KG,DE
31.24.168.1;197729;TWENTYONE-CLOUD 21Cloud GmbH,DE
78.5.223.137;8968;BT-ITALIA BT Italia S.p.A.,IT
80.70.190.1;34372;VEGASYSTEMS-AS VegaSystems GmbH & Co. KG,DE
109.105.97.127;2603;NORDUNET NORDUnet,NO
84.46.112.197;15943;WTNET-AS wilhelm.tel GmbH,DE
62.81.76.201;6739;ONO-AS VODAFONE ONO, S.A.,ES
193.203.0.185;1120;ACONET_SERVICES ACOnet Services @ Vienna Internet eXchange,EU
93.190.67.25;47215;FILOO-ASN filoo GmbH Autonomous System,DE
62.115.134.187;1299;TELIANET TeliaSonera AB,SE
193.251.133.9;5511;OPENTRANSIT-BACKBONE
154.54.5.82;174;COGENT-174 - Cogent Communications,US
62.214.110.181;8881;VERSATEL Versatel Deutschland GmbH,DE
80.188.119.198;5610;O2-CZECH-REPUBLIC O2 Czech Republic, a.s.,CZ
185.17.116.3;38952;MAFRA-CZ-AS MAFRA, a.s.,CZ
217.78.199.124;16086;DNA DNA Oy,FI
212.123.123.225;15598;QSC-AG-IPX QSC AG,DE
193.107.56.126;50535;EUSKILL-AS Euskill SARL,FR
82.98.102.2;12306;PLUSLINE Plus.Line AG,DE
193.252.159.58;-2;unknown
154.54.3.93;174;COGENT-174 - Cogent Communications,US
10.128.0.1;-1;private
213.161.2.3;3212;TRIERA TRIERA,SI
129.250.4.37;2914;NTT-COMMUNICATIONS-2914 - NTT America, Inc.,US
91.185.198.1;41828;TUSMOBIL TUSMOBIL D.O.O.,SI
141.136.111.21;3257;TINET-BACKBONE Tinet SpA,DE
178.249.80.2;21161;ASN-BECHTLE Bechtle AG,DE
78.111.70.53;33984;SURFPLANET-AS Surfplanet GmbH,DE
198.27.73.194;16276;OVH OVH SAS,FR
10.0.12.10;-1;private
217.19.158.225;28716;RETELIT-AS Reti Telematiche Italiane S.p.A. (Retelit S.p.A.),IT
62.214.106.57;8881;VERSATEL Versatel Deutschland GmbH,DE
149.6.32.41;174;COGENT-174 - Cogent Communications,US
62.214.106.53;8881;VERSATEL Versatel Deutschland GmbH,DE
62.115.140.211;1299;TELIANET TeliaSonera AB,SE
62.115.138.173;1299;TELIANET TeliaSonera AB,SE
89.184.134.58;39642;DK-ESS-AS Stofa A/S,DK
149.6.32.49;174;COGENT-174 - Cogent Communications,US
62.115.138.175;1299;TELIANET TeliaSonera AB,SE
129.250.5.12;2914;NTT-COMMUNICATIONS-2914 - NTT America, Inc.,US
193.242.98.130;13041;CESCA-AC Consorci de Serveis Universitaris de Catalunya,ES
130.117.1.221;174;COGENT-174 - Cogent Communications,US
89.149.183.146;3257;TINET-BACKBONE Tinet SpA,DE
146.172.82.89;2119;TELENOR-NEXTEL Telenor Norge AS,NO
62.115.113.170;1299;TELIANET TeliaSonera AB,SE
80.94.64.133;5580;HIBERNIA Hibernia Networks (Netherlands) BV,NL
195.22.9.174;8426;CLARANET-AS ClaraNET LTD,GB
62.40.98.48;21320;GEANT_IAS_VRF GEANT Limited,EU
89.149.186.141;3257;TINET-BACKBONE Tinet SpA,DE
195.110.107.3;39729;REGISTER-AS Register.IT S.p.A.,IT
149.6.32.13;174;COGENT-174 - Cogent Communications,US
84.46.112.58;15943;WTNET-AS wilhelm.tel GmbH,DE
78.110.224.66;43566;TYNTEC TynTec GmbH,DE
184.105.223.165;6939;HURRICANE - Hurricane Electric, Inc.,US
46.28.104.10;197019;WEDOS WEDOS Internet, a.s.,CZ
154.54.42.97;174;COGENT-174 - Cogent Communications,US
154.54.30.13;174;COGENT-174 - Cogent Communications,US
81.52.63.246;-2;unknown
213.148.139.113;20676;QSC-1 QSC AG,DE
141.255.254.1;2107;ARNES-NET ARNES,SI
212.74.74.17;-2;unknown
172.16.0.2;-1;private
80.87.211.37;35328;SK-DSIDATA DSi DATA s.r.o.,SK
82.112.101.73;2914;NTT-COMMUNICATIONS-2914 - NTT America, Inc.,US
10.96.6.10;-1;private
81.201.48.154;8251;NFX_ZSPO FreeTel, s.r.o.,CZ
195.43.160.213;5602;KPNQwest Italia S.p.a,IT
213.155.135.225;1299;TELIANET TeliaSonera AB,SE
213.155.135.227;1299;TELIANET TeliaSonera AB,SE
62.115.143.194;1299;TELIANET TeliaSonera AB,SE
85.91.0.216;34245;MAGNET-AS Magnet Networks Limited,IE
62.214.110.185;8881;VERSATEL Versatel Deutschland GmbH,DE
84.39.111.241;48200;OPTEAMAX-AS Opteamax GmbH,DE
80.78.16.1;42732;OXIEPARABOLEN-AS Constellation Networks Teleport AS,SE
212.202.213.233;20676;QSC-1 QSC AG,DE
130.117.1.126;174;COGENT-174 - Cogent Communications,US
46.255.176.17;8218;NEO-ASN Neo Telecoms S.A.S.,FR
154.25.3.217;174;COGENT-174 - Cogent Communications,US
90.147.80.53;137;ASGARR Consortium GARR,IT
154.25.4.177;174;COGENT-174 - Cogent Communications,US
84.46.112.65;15943;WTNET-AS wilhelm.tel GmbH,DE
84.46.112.62;15943;WTNET-AS wilhelm.tel GmbH,DE
212.123.123.130;15598;QSC-AG-IPX QSC AG,DE
130.117.48.70;174;COGENT-174 - Cogent Communications,US
130.152.181.145;226;LOS-NETTOS-AS - Los Nettos,US
194.79.53.72;38952;MAFRA-CZ-AS MAFRA, a.s.,CZ
194.145.124.146;9182;COMSPACEAS COMSPACE GmbH & Co KG,DE
89.187.142.2;35592;COOLHOUSING-AS COOLHOUSING Autonomous System,CZ
141.136.108.46;3257;TINET-BACKBONE Tinet SpA,DE
80.231.138.22;6453;AS6453 - TATA COMMUNICATIONS (AMERICA) INC,US
94.228.191.85;34177;CELESTE-AS CELESTE - Internet services provider,FR
193.201.28.59;24796;NAMEX-IXP
80.87.217.249;35328;SK-DSIDATA DSi DATA s.r.o.,SK
185.32.189.254;62416;PTSERVIDOR SAMPLING LINE-SERVICOS E INTERNET, LDA,PT
80.190.172.124;15598;QSC-AG-IPX QSC AG,DE
154.54.29.201;174;COGENT-174 - Cogent Communications,US
109.110.244.2;35432;WAVESPEED-AS WAVESPEED LTD,CY
129.250.3.207;2914;NTT-COMMUNICATIONS-2914 - NTT America, Inc.,US
185.27.182.1;60664;X-ION x-ion GmbH,DE
93.176.95.159;31027;NIANET-AS Nianet A/S,DK
80.87.217.241;35328;SK-DSIDATA DSi DATA s.r.o.,SK
137.164.26.200;2153;CSUNET-NE - California State University, Office of the Chancellor,US
62.115.142.75;1299;TELIANET TeliaSonera AB,SE
62.115.142.73;1299;TELIANET TeliaSonera AB,SE
89.149.185.118;3257;TINET-BACKBONE Tinet SpA,DE
193.107.56.2;50535;EUSKILL-AS Euskill SARL,FR
212.63.130.113;8741;RATIOKONTAKT ratiokontakt GmbH,DE
94.155.94.252;9070;ITD _Coolbox_ AD,BG
194.62.23.1;48200;OPTEAMAX-AS Opteamax GmbH,DE
78.5.223.105;8968;BT-ITALIA BT Italia S.p.A.,IT
149.14.136.1;174;COGENT-174 - Cogent Communications,US
193.107.56.5;50535;EUSKILL-AS Euskill SARL,FR
193.159.167.73;3320;DTAG Deutsche Telekom AG,DE
80.231.158.30;6453;AS6453 - TATA COMMUNICATIONS (AMERICA) INC,US
93.190.151.147;25409;ALSYSDATA Alsys Net SRL,RO
212.74.85.227;-2;unknown
137.164.23.226;2152;CSUNET-NW - California State University, Office of the Chancellor,US
206.223.116.37;-2;unknown
185.31.3.1;34274;ELBMULTIMEDIA ELB MULTIMEDIA,FR
89.149.128.218;3257;TINET-BACKBONE Tinet SpA,DE
89.149.185.114;3257;TINET-BACKBONE Tinet SpA,DE
37.128.137.62;12835;INFOTN-AS Trentino Network S.r.l.,IT
82.195.67.213;8365;MANDA Man-da.de GmbH,DE
154.54.58.137;174;COGENT-174 - Cogent Communications,US
89.149.128.210;3257;TINET-BACKBONE Tinet SpA,DE
213.155.130.20;1299;TELIANET TeliaSonera AB,SE
213.155.130.22;1299;TELIANET TeliaSonera AB,SE
193.178.60.17;31337;ELEET-AS ELEET Networks,SE
10.15.0.1;-1;private
89.149.184.205;3257;TINET-BACKBONE Tinet SpA,DE
130.149.126.86;680;DFN Verein zur Foerderung eines Deutschen Forschungsnetzes e.V.,DE
151.6.2.94;1267;ASN-WIND Wind Telecomunicazioni SpA,IT
81.52.6.2;-2;unknown
130.149.126.89;680;DFN Verein zur Foerderung eines Deutschen Forschungsnetzes e.V.,DE
129.250.2.207;2914;NTT-COMMUNICATIONS-2914 - NTT America, Inc.,US
87.238.185.2;39257;INC Interactive Network Communications AS,DE
212.77.162.209;12611;RKOM R-KOM Regensburger Telekommunikations GmbH & Co. KG,DE
80.172.230.129;8426;CLARANET-AS ClaraNET LTD,GB
193.145.14.138;766;REDIRIS Entidad Publica Empresarial Red.es,ES
84.17.108.1;33940;WICHMANN-AS Wichmann Internet Services GmbH,DE
213.155.131.83;1299;TELIANET TeliaSonera AB,SE
88.80.0.65;33837;PRQ-AS PeRiQuito AB,SE
154.25.9.1;174;COGENT-174 - Cogent Communications,US
85.91.0.235;34245;MAGNET-AS Magnet Networks Limited,IE
62.115.116.70;1299;TELIANET TeliaSonera AB,SE
85.91.0.233;34245;MAGNET-AS Magnet Networks Limited,IE
193.188.137.175;-2;unknown
130.117.48.213;174;COGENT-174 - Cogent Communications,US
130.117.48.210;174;COGENT-174 - Cogent Communications,US
151.248.48.21;59547;SYNTIGO SYNTIGO S.A./N.V.,BE
46.31.42.65;44141;DEVCLIC-AS DEVCLIC SARL,FR
89.251.238.73;30892;T-SYSTEMS-ELTEC T-Systems ITC Iberia S.A.U.,ES
149.6.142.45;174;COGENT-174 - Cogent Communications,US
83.141.61.241;29551;HGCOMP-ASN Aixit GmbH,DE
192.168.1.4;-1;private
46.245.208.34;61194;ANOTHER9 Business Recovery Services Limited,IE
193.19.136.2;49866;LOOPBACK Loopback Oy,FI
95.141.47.254;49367;ASSEFLOW Seflow S.N.C. Di Marco Brame_ & C.,IT
154.54.44.141;174;COGENT-174 - Cogent Communications,US
146.172.99.210;2119;TELENOR-NEXTEL Telenor Norge AS,NO
141.136.107.230;3257;TINET-BACKBONE Tinet SpA,DE
80.190.191.109;15598;QSC-AG-IPX QSC AG,DE
62.240.250.202;8426;CLARANET-AS ClaraNET LTD,GB
62.115.138.29;1299;TELIANET TeliaSonera AB,SE
130.117.48.81;174;COGENT-174 - Cogent Communications,US
109.68.160.109;39923;AS-UNIXSOLUTIONS Unix-Solutions BVBA,BE
184.105.222.109;6939;HURRICANE - Hurricane Electric, Inc.,US
154.54.40.106;174;COGENT-174 - Cogent Communications,US
80.81.203.55;6695;DE-CIX-HH-IXP
89.185.58.66;8426;CLARANET-AS ClaraNET LTD,GB
195.2.10.90;1273;CW Cable and Wireless Worldwide plc,GB
10.123.74.202;-1;private
62.220.166.197;29518;BREDBAND2 Bredband2 AB,SE
63.223.13.86;3491;BTN-ASN - Beyond The Network America, Inc.,US
80.91.250.160;1299;TELIANET TeliaSonera AB,SE
178.19.223.90;50324;ORCO-GSG Hofnetz &IT Services GmbH,DE
195.2.9.121;1273;CW Cable and Wireless Worldwide plc,GB
154.54.31.89;174;COGENT-174 - Cogent Communications,US
109.74.148.213;29405;VNET-AS VNET a.s.,SK
206.24.139.17;1273;CW Cable and Wireless Worldwide plc,GB
129.250.4.151;2914;NTT-COMMUNICATIONS-2914 - NTT America, Inc.,US
213.204.179.65;2119;TELENOR-NEXTEL Telenor Norge AS,NO
85.91.7.194;34245;MAGNET-AS Magnet Networks Limited,IE
10.10.10.222;-1;private
87.238.191.1;39257;INC Interactive Network Communications AS,DE
89.184.134.56;39642;DK-ESS-AS Stofa A/S,DK
184.105.223.201;6939;HURRICANE - Hurricane Electric, Inc.,US
78.152.47.232;5580;HIBERNIA Hibernia Networks (Netherlands) BV,NL
154.54.36.222;174;COGENT-174 - Cogent Communications,US
192.168.1.1;-1;private
213.148.139.254;20676;QSC-1 QSC AG,DE
184.105.223.209;6939;HURRICANE - Hurricane Electric, Inc.,US
198.27.73.190;16276;OVH OVH SAS,FR
149.11.122.57;174;COGENT-174 - Cogent Communications,US
172.29.248.3;-1;private
194.9.117.51;9033;ECIX-BERLIN-LAN
154.54.25.90;174;COGENT-174 - Cogent Communications,US
84.91.0.193;13156;AS13156 Cabovisao, televisao por cabovisao, sa,PT
91.184.204.126;35432;WAVESPEED-AS WAVESPEED LTD,CY
129.250.4.62;2914;NTT-COMMUNICATIONS-2914 - NTT America, Inc.,US
193.200.182.193;42970;MEZCALITO MEZCALITO SARL,EU
154.54.42.165;174;COGENT-174 - Cogent Communications,US
154.54.56.174;174;COGENT-174 - Cogent Communications,US
81.255.42.190;3215;AS3215 Orange S.A.,FR
80.91.253.122;1299;TELIANET TeliaSonera AB,SE
89.149.186.122;3257;TINET-BACKBONE Tinet SpA,DE
192.168.0.2;-1;private
84.91.0.205;13156;AS13156 Cabovisao, televisao por cabovisao, sa,PT
62.115.116.88;1299;TELIANET TeliaSonera AB,SE
192.168.0.1;-1;private
192.168.2.1;-1;private
78.109.59.81;196763;KEY-SYSTEMS-AS Key-Systems GmbH,DE
130.117.1.217;174;COGENT-174 - Cogent Communications,US
195.137.191.77;35684;GROHNWALDT Uwe Grohnwaldt,DE
46.31.40.37;44141;DEVCLIC-AS DEVCLIC SARL,FR
46.31.40.34;44141;DEVCLIC-AS DEVCLIC SARL,FR
206.72.210.122;-2;unknown
151.6.165.72;1267;ASN-WIND Wind Telecomunicazioni SpA,IT
154.54.38.57;174;COGENT-174 - Cogent Communications,US
86.50.160.4;1741;FUNETAS CSC - Tieteen tietotekniikan keskus Oy,FI
193.168.50.30;34749;GLBASP-ASN GLOBAL SERVICE PROVIDER S.A.,FR
89.149.181.238;3257;TINET-BACKBONE Tinet SpA,DE
154.54.39.153;174;COGENT-174 - Cogent Communications,US
154.54.39.150;174;COGENT-174 - Cogent Communications,US
154.25.6.217;174;COGENT-174 - Cogent Communications,US
217.19.158.93;28716;RETELIT-AS Reti Telematiche Italiane S.p.A. (Retelit S.p.A.),IT
91.226.74.3;56641;ANIMASGR ANIMA SGR S.P.A.,IT
185.7.253.129;61189;ELKDATA Elkdata OU,EE
62.115.135.106;1299;TELIANET TeliaSonera AB,SE
130.0.72.205;42442;ADACOR-AS Adacor Hosting GmbH,DE
130.0.72.202;42442;ADACOR-AS Adacor Hosting GmbH,DE
195.245.190.225;9186;ONI ONITELECOM - INFOCOMUNICACOES, S.A.,PT
62.115.135.100;1299;TELIANET TeliaSonera AB,SE
130.117.49.121;174;COGENT-174 - Cogent Communications,US
151.6.2.15;1267;ASN-WIND Wind Telecomunicazioni SpA,IT
62.169.33.1;28831;PHOENIX-AS Phoenix Informatica SRL,IT
89.149.181.234;3257;TINET-BACKBONE Tinet SpA,DE
154.54.30.65;174;COGENT-174 - Cogent Communications,US
129.250.5.197;2914;NTT-COMMUNICATIONS-2914 - NTT America, Inc.,US
217.13.48.45;31221;EUCLYDE Pop Euclyde Sophia Antipolis,FR
87.128.232.233;3320;DTAG Deutsche Telekom AG,DE
81.173.192.62;8422;NETCOLOGNE NetCologne GmbH,DE
213.155.136.96;1299;TELIANET TeliaSonera AB,SE
154.54.28.70;174;COGENT-174 - Cogent Communications,US
129.250.5.198;2914;NTT-COMMUNICATIONS-2914 - NTT America, Inc.,US
82.195.67.254;8365;MANDA Man-da.de GmbH,DE
10.255.49.94;-1;private
195.2.10.25;1273;CW Cable and Wireless Worldwide plc,GB
129.250.5.217;2914;NTT-COMMUNICATIONS-2914 - NTT America, Inc.,US
195.2.25.78;1273;CW Cable and Wireless Worldwide plc,GB
154.25.3.229;174;COGENT-174 - Cogent Communications,US
81.55.52.173;25186;TRANSIT-VPN
89.28.136.98;41307;TPP Telepark Passau GmbH,DE
213.155.136.94;1299;TELIANET TeliaSonera AB,SE
193.251.128.250;5511;OPENTRANSIT Orange S.A.,FR
5.196.77.253;16276;OVH OVH SAS,FR
154.54.44.161;174;COGENT-174 - Cogent Communications,US
198.71.46.174;11537;ABILENE - Internet2,US
154.54.44.165;174;COGENT-174 - Cogent Communications,US
89.149.185.54;3257;TINET-BACKBONE Tinet SpA,DE
149.6.108.29;174;COGENT-174 - Cogent Communications,US
72.52.92.213;6939;HURRICANE - Hurricane Electric, Inc.,US
10.170.1.17;-1;private
184.105.81.82;6939;HURRICANE - Hurricane Electric, Inc.,US
198.27.73.28;16276;OVH OVH SAS,FR
46.245.208.238;61194;ANOTHER9 Business Recovery Services Limited,IE
81.30.0.1;16191;ICANET-AS ICA-NET SRL,IT
80.67.106.169;8426;CLARANET-AS ClaraNET LTD,GB
184.105.213.101;6939;HURRICANE - Hurricane Electric, Inc.,US
217.71.104.29;13237;LAMBDANET-AS euNetworks Managed Services GmbH,DE
83.145.21.205;24862;CLSE-AS IP-Only Networks AB,SE
87.128.237.245;3320;DTAG Deutsche Telekom AG,DE
62.214.105.22;8881;VERSATEL Versatel Deutschland GmbH,DE
89.149.184.57;3257;TINET-BACKBONE Tinet SpA,DE
141.136.109.1;3257;TINET-BACKBONE Tinet SpA,DE
185.18.57.249;34524;DIGICOM-AS Digital Communications Ltd.,BG
78.109.81.252;34948;TYPHON-AS Claranet France,FR
154.54.6.221;174;COGENT-174 - Cogent Communications,US
77.111.1.181;16016;VOLJATEL-AS TUSMOBIL D.O.O.,SI
213.224.31.97;6848;TELENET-AS Telenet N.V.,BE
46.31.104.123;197075;ACTIVENETWORK-AS Active Network S.p.A.,IT
154.25.8.221;174;COGENT-174 - Cogent Communications,US
109.105.97.2;2603;NORDUNET NORDUnet,NO
213.155.135.119;1299;TELIANET TeliaSonera AB,SE
129.250.3.20;2914;NTT-COMMUNICATIONS-2914 - NTT America, Inc.,US
10.153.190.1;-1;private
141.136.111.158;3257;TINET-BACKBONE Tinet SpA,DE
78.152.53.51;5580;HIBERNIA Hibernia Networks (Netherlands) BV,NL
185.4.228.5;199231;DATALAHTI-AS Datalahti Oy,FI
89.45.88.254;61958;ASIST-TELECOM-AS ASIST TELECOMMUNICATIONS SRL,RO
130.117.51.142;174;COGENT-174 - Cogent Communications,US
130.117.51.146;174;COGENT-174 - Cogent Communications,US
195.2.27.249;1273;CW Cable and Wireless Worldwide plc,GB
80.239.167.190;1299;TELIANET TeliaSonera AB,SE
212.98.126.1;42525;GlobalConnect a/s,DK
86.50.160.33;1741;FUNETAS CSC - Tieteen tietotekniikan keskus Oy,FI
154.54.38.49;174;COGENT-174 - Cogent Communications,US
84.233.218.190;8928;INTEROUTE Interoute Communications Limited,GB
129.250.2.12;2914;NTT-COMMUNICATIONS-2914 - NTT America, Inc.,US
154.54.26.165;174;COGENT-174 - Cogent Communications,US
154.25.2.169;174;COGENT-174 - Cogent Communications,US
141.136.109.73;3257;TINET-BACKBONE Tinet SpA,DE
184.105.80.149;6939;HURRICANE - Hurricane Electric, Inc.,US
129.250.6.216;2914;NTT-COMMUNICATIONS-2914 - NTT America, Inc.,US
149.11.0.49;174;COGENT-174 - Cogent Communications,US
130.117.49.73;174;COGENT-174 - Cogent Communications,US
154.54.37.9;174;COGENT-174 - Cogent Communications,US
109.69.8.193;49835;GUIFINET-AS Fundacio guifi.net,ES
89.149.186.5;3257;TINET-BACKBONE Tinet SpA,DE
10.12.8.1;-1;private
89.149.186.2;3257;TINET-BACKBONE Tinet SpA,DE
184.105.223.161;6939;HURRICANE - Hurricane Electric, Inc.,US
154.25.6.173;174;COGENT-174 - Cogent Communications,US
5.175.255.130;12586;ASGHOSTNET GHOSTnet GmbH,DE
89.149.186.9;3257;TINET-BACKBONE Tinet SpA,DE
154.25.6.177;174;COGENT-174 - Cogent Communications,US
212.43.193.198;8426;CLARANET-AS ClaraNET LTD,GB
141.136.107.194;3257;TINET-BACKBONE Tinet SpA,DE
213.248.65.210;1299;TELIANET TeliaSonera AB,SE
185.24.116.254;62290;TSNET Tecnoservizi S.r.l.,IT
195.248.74.161;198296;HBM-MUC-AS Burda Digital Systems GmbH,DE
154.54.5.66;174;COGENT-174 - Cogent Communications,US
83.167.55.22;8218;NEO-ASN Neo Telecoms S.A.S.,FR
213.140.208.45;35432;WAVESPEED-AS WAVESPEED LTD,CY
185.3.128.2;59689;KEYADE-AS Keyade SAS,FR
154.54.57.113;174;COGENT-174 - Cogent Communications,US
109.105.102.104;2603;NORDUNET NORDUnet,NO
89.26.248.27;5626;ONI ONITELECOM - INFOCOMUNICACOES, SA,PT
129.250.6.54;2914;NTT-COMMUNICATIONS-2914 - NTT America, Inc.,US
129.250.7.69;2914;NTT-COMMUNICATIONS-2914 - NTT America, Inc.,US
83.167.56.148;8218;NEO-ASN Neo Telecoms S.A.S.,FR
141.136.111.186;3257;TINET-BACKBONE Tinet SpA,DE
10.253.4.22;-1;private
151.6.2.6;1267;ASN-WIND Wind Telecomunicazioni SpA,IT
195.2.25.197;1273;CW Cable and Wireless Worldwide plc,GB
213.155.137.59;1299;TELIANET TeliaSonera AB,SE
62.115.115.138;1299;TELIANET TeliaSonera AB,SE
62.214.110.45;8881;VERSATEL Versatel Deutschland GmbH,DE
80.77.16.113;34549;MEER-AS meerfarbig GmbH & Co. KG,DE
151.6.5.89;1267;ASN-WIND Wind Telecomunicazioni SpA,IT
10.90.96.1;-1;private
184.105.223.241;6939;HURRICANE - Hurricane Electric, Inc.,US
212.96.178.221;12570;ITSELF itself s.r.o.,CZ
149.11.154.1;174;COGENT-174 - Cogent Communications,US
129.250.3.178;2914;NTT-COMMUNICATIONS-2914 - NTT America, Inc.,US
195.22.24.33;8426;CLARANET-AS ClaraNET LTD,GB
154.54.10.222;174;COGENT-174 - Cogent Communications,US
154.25.8.101;174;COGENT-174 - Cogent Communications,US
130.117.51.22;174;COGENT-174 - Cogent Communications,US
129.250.2.62;2914;NTT-COMMUNICATIONS-2914 - NTT America, Inc.,US
80.87.211.1;35328;SK-DSIDATA DSi DATA s.r.o.,SK
83.145.236.54;29422;NBLNETWORKS-AS Nebula Oy,FI
130.244.39.146;1257;TELE2,SE
149.6.32.37;174;COGENT-174 - Cogent Communications,US
62.214.106.61;8881;VERSATEL Versatel Deutschland GmbH,DE
149.6.32.33;174;COGENT-174 - Cogent Communications,US
62.214.106.66;8881;VERSATEL Versatel Deutschland GmbH,DE
62.40.98.16;21320;GEANT_IAS_VRF GEANT Limited,EU
62.204.193.2;15630;UNED Universidad Nacional de Educacion a Distancia - UNED,ES
80.70.179.177;34372;VEGASYSTEMS-AS VegaSystems GmbH & Co. KG,DE
91.208.12.1;47537;WEEPEE WeePee NV,BE
93.94.161.193;34749;GLBASP-ASN GLOBAL SERVICE PROVIDER S.A.,FR
62.115.113.164;1299;TELIANET TeliaSonera AB,SE
147.229.252.82;197451;VUTBR-AS Brno University of Technology,CZ
89.37.120.193;39737;NETVISION-AS Net Vision Telecom SRL,RO
185.22.223.33;60955;WAVECON Wavecon GmbH,DE
192.38.7.38;1835;FSKNET-DK Forskningsnettet - Danish network for Research and Education,DK
195.43.163.6;5602;KPNQwest Italia S.p.a,IT
62.40.98.112;21320;GEANT_IAS_VRF GEANT Limited,EU
10.49.128.2;-1;private
84.246.122.37;34568;CONNECTINGBYTES-AS ConnectingBytes GmbH,DE
129.250.2.64;2914;NTT-COMMUNICATIONS-2914 - NTT America, Inc.,US
185.66.148.248;12644;TELEMACH Telemach Communication Services d.o.o.,SI
154.25.9.17;174;COGENT-174 - Cogent Communications,US
10.153.166.244;-1;private
217.71.96.89;13237;LAMBDANET-AS euNetworks Managed Services GmbH,DE
130.117.50.93;174;COGENT-174 - Cogent Communications,US
62.78.107.176;16086;DNA DNA Oy,FI
193.108.193.254;21235;ADVANCED-SYSTEMHAUS ADVANCED Systemhaus GmbH,DE
109.105.97.142;2603;NORDUNET NORDUnet,NO
147.229.3.2;197451;VUTBR-AS Brno University of Technology,CZ
94.135.173.249;8881;VERSATEL Versatel Deutschland GmbH,DE
184.105.223.250;6939;HURRICANE - Hurricane Electric, Inc.,US
62.168.204.253;31055;CONSULTIX-AS Consultix GmbH,DE
141.136.107.62;3257;TINET-BACKBONE Tinet SpA,DE
37.187.231.91;16276;OVH OVH SAS,FR
195.34.183.241;8495;INTERNET_AG INTERNET AG Global Network,DE
62.214.110.41;8881;VERSATEL Versatel Deutschland GmbH,DE
129.250.3.120;2914;NTT-COMMUNICATIONS-2914 - NTT America, Inc.,US
130.117.49.1;174;COGENT-174 - Cogent Communications,US
212.85.145.106;29075;IELO IELO Main Network,FR
185.43.176.1;62365;DESANET-AS desaNet Telekommunikation Sachsen Ost GmbH,DE
62.40.124.5;21320;GEANT_IAS_VRF GEANT Limited,EU
154.25.8.105;174;COGENT-174 - Cogent Communications,US
77.67.76.89;3257;TINET-BACKBONE Tinet SpA,DE
10.18.255.254;-1;private
80.231.159.45;6453;AS6453 - TATA COMMUNICATIONS (AMERICA) INC,US
10.150.0.162;-1;private
154.54.56.129;174;COGENT-174 - Cogent Communications,US
154.54.39.46;174;COGENT-174 - Cogent Communications,US
185.15.28.129;61211;DATACROSS Podatkovni centar Kriz d.o.o.,HR
90.147.80.46;137;ASGARR Consortium GARR,IT
62.115.136.195;1299;TELIANET TeliaSonera AB,SE
37.60.167.189;199135;SATCOM1 Satcom1 ApS,DK
130.117.1.157;174;COGENT-174 - Cogent Communications,US
151.248.53.252;59547;SYNTIGO SYNTIGO S.A./N.V.,BE
78.152.44.242;5580;HIBERNIA Hibernia Networks (Netherlands) BV,NL
80.91.253.118;1299;TELIANET TeliaSonera AB,SE
154.54.10.42;174;COGENT-174 - Cogent Communications,US
78.152.44.241;5580;HIBERNIA Hibernia Networks (Netherlands) BV,NL
178.32.135.149;16276;OVH OVH SAS,FR
81.92.165.253;21385;TNIB Trusted Network GmbH,DE
212.126.220.13;5409;TPL-ASN Toplink GmbH,DE
130.117.2.229;174;COGENT-174 - Cogent Communications,US
151.6.2.178;1267;ASN-WIND Wind Telecomunicazioni SpA,IT
93.94.131.34;44946;DGINET-AS Dembach Goo Informatik GmbH & Co. KG,DE
212.18.7.63;8767;MNET-AS M-net Telekommunikations GmbH, Germany,DE
129.250.5.22;2914;NTT-COMMUNICATIONS-2914 - NTT America, Inc.,US
94.100.69.13;21413;ENVIA-TEL-AS Envia Tel GmbH,DE
172.29.10.254;-1;private
78.153.231.122;30781;JAGUAR-AS Jaguar Network SAS,FR
192.228.79.201;226;LOS-NETTOS-AS - Los Nettos,US
184.105.80.21;6939;HURRICANE - Hurricane Electric, Inc.,US
89.149.186.126;3257;TINET-BACKBONE Tinet SpA,DE
184.105.80.26;6939;HURRICANE - Hurricane Electric, Inc.,US
77.70.145.1;5377;TAIDE-EMEA Astrium Services Enterprises AS,LT
185.103.112.1;28941;NOVANETWORKS NOVA NETWORKS S.R.L.,IT
213.255.9.24;8968;BT-ITALIA BT Italia S.p.A.,IT
217.71.104.189;13237;LAMBDANET-AS euNetworks Managed Services GmbH,DE
154.25.8.237;174;COGENT-174 - Cogent Communications,US
193.189.82.134;-2;unknown
154.25.2.133;174;COGENT-174 - Cogent Communications,US
62.115.112.125;1299;TELIANET TeliaSonera AB,SE
129.250.3.155;2914;NTT-COMMUNICATIONS-2914 - NTT America, Inc.,US
213.155.135.151;1299;TELIANET TeliaSonera AB,SE
154.54.56.93;174;COGENT-174 - Cogent Communications,US
193.58.12.20;41008;CEGEKA-LEUVEN Cegeka NV,BE
149.6.135.97;174;COGENT-174 - Cogent Communications,US
91.121.128.91;16276;OVH OVH SAS,FR
193.206.128.69;137;ASGARR Consortium GARR,IT
91.121.128.93;16276;OVH OVH SAS,FR
81.201.48.125;8251;NFX_ZSPO FreeTel, s.r.o.,CZ
62.115.115.229;1299;TELIANET TeliaSonera AB,SE
5.150.143.177;5602;KPNQwest Italia S.p.a,IT
185.5.109.41;34177;CELESTE-AS CELESTE - Internet services provider,FR
93.190.64.3;47215;FILOO-ASN filoo GmbH Autonomous System,DE
91.210.16.201;-2;unknown
154.54.44.169;174;COGENT-174 - Cogent Communications,US
46.31.104.66;197075;ACTIVENETWORK-AS Active Network S.p.A.,IT
46.16.72.2;51862;PROFITBRICKS-AS Profitbricks GmbH,DE
129.250.2.18;2914;NTT-COMMUNICATIONS-2914 - NTT America, Inc.,US
80.255.15.65;201011;NETZBETRIEB-GMBH AS33891 Netzbetrieb GmbH,DE
91.211.167.249;12565;LDLCAS LDLC.COM SA,FR
81.88.54.249;39729;REGISTER-AS Register.IT S.p.A.,IT
184.105.213.93;6939;HURRICANE - Hurricane Electric, Inc.,US
212.47.201.120;3327;LINXTELECOM Linx Telecommunications B.V.,EE
89.149.128.246;3257;TINET-BACKBONE Tinet SpA,DE
62.69.146.18;9033;ECIX-FRA-IPV4
62.115.137.64;1299;TELIANET TeliaSonera AB,SE
185.132.72.49;198507;QUANTIC-TELECOM Quantic Telecom,FR
154.25.8.173;174;COGENT-174 - Cogent Communications,US
62.115.116.68;1299;TELIANET TeliaSonera AB,SE
154.54.7.54;174;COGENT-174 - Cogent Communications,US
154.25.3.213;174;COGENT-174 - Cogent Communications,US
89.234.144.49;198507;QUANTIC-TELECOM Quantic Telecom,FR
94.104.8.58;47377;MES Mobistar SA,BE
10.19.250.1;-1;private
149.6.108.13;174;COGENT-174 - Cogent Communications,US
93.176.95.161;31027;NIANET-AS Nianet A/S,DK
82.195.73.62;8365;MANDA Man-da.de GmbH,DE
89.149.184.61;3257;TINET-BACKBONE Tinet SpA,DE
193.252.137.82;-2;unknown
89.149.184.65;3257;TINET-BACKBONE Tinet SpA,DE
109.105.97.10;2603;NORDUNET NORDUnet,NO
